name,income_group,income_group(ranking),pop_n,pop_n(m),pop_u,pop_u(rounded),pop_u_val,pop_r,wat_bas_n,wat_bas_n(rounded),wat_lim_n,wat_unimp_n,wat_sur_n,wat_bas_r,wat_lim_r,wat_unimp_r,wat_sur_r,wat_bas_u,wat_lim_u,wat_unimp_u,wat_sur_u,value_cnt
Tokelau,NAN,0,1.350000024,1351,0,0,0,100,99.70767665,99.70767665,0,0.2923233459,0,99.70767665,0,0.2923233459,0,NAN,NAN,NAN,NAN,22
Niue,NAN,0,1.618000031,1619,46.20200348,46,0.7475484306,53.79799652,97.01087618,97.01087618,0,2.989123822,0,NAN,NAN,NAN,NAN,NAN,NAN,NAN,NAN,22
Falkland Islands (Malvinas),NAN,0,3.48300004,3484,78.50799561,79,2.734433518,21.49200439,95.3089274,95.3089274,0,4.691072596,0,78.17294282,0,21.82705718,0,100,0,0,0,22
Montserrat,NAN,0,4.999000072,5000,9.114999771,9,0.4556588451,90.88500023,98.07748262,98.07748262,0,1.922517378,0,NAN,NAN,NAN,NAN,NAN,NAN,NAN,NAN,22
Saint Pierre and Miquelon,NAN,0,5.795000076,5796,89.96199799,90,5.213297852,10.03800201,91.4,91.4,0,8.6,0,NAN,NAN,NAN,NAN,NAN,NAN,NAN,NAN,22
Saint Helena,NAN,0,6.071000099,6072,40.08200073,40,2.433378304,59.91799927,99.1,99.1,0,0.9,0,NAN,NAN,NAN,NAN,NAN,NAN,NAN,NAN,22
Saint Barthelemy,NAN,0,9.885,9885,100,100,9.885,0,100,100,0,0,0,NAN,NAN,NAN,NAN,100,0,0,0,22
Nauru,High income,4,10.83399963,10834,100,100,10.83399963,0,100,100,0,0,0,NAN,NAN,NAN,NAN,100,0,0,0,22
Wallis and Futuna Islands,NAN,0,11.24600029,11247,0,0,0,100,99.14328736,99.14328736,0,0.856712639,0,99.14328736,0,0.856712639,0,NAN,NAN,NAN,NAN,22
Tuvalu,Upper middle income,3,11.79199982,11792,64.01399994,64,7.548530758,35.98600006,100,100,0,0,0,100,0,0,0,100,0,0,0,22
Cook Islands,NAN,0,17.56399918,17564,75.49500275,75,13.25994166,24.50499725,99.97161022,99.97161022,0,0.0283897827,0,NAN,NAN,NAN,NAN,NAN,NAN,NAN,NAN,22
Palau,Upper middle income,3,18.09199905,18092,80.98799896,81,14.652348,19.01200104,99.6575455,99.6575455,0,0.3424544984,0,99.75698503,0,0.2430149677,0,99.63420199,0,0.3657980078,0,22
British Virgin Islands,High income,4,30.23699951,30237,48.51499939,49,14.66948013,51.48500061,99.86438356,99.86438356,0,0.1356164384,0,NAN,NAN,NAN,NAN,NAN,NAN,NAN,NAN,22
Gibraltar,High income,4,33.69100189,33692,100,100,33.69100189,0,100,100,0,0,0,NAN,NAN,NAN,NAN,100,0,0,0,22
San Marino,High income,4,33.93799973,33938,97.49900055,97,33.08921054,2.50099945,100,100,0,0,0,NAN,NAN,NAN,NAN,NAN,NAN,NAN,NAN,22
Liechtenstein,High income,4,38.13700104,38138,14.41600037,14,5.497830211,85.58399963,100,100,0,0,0,NAN,NAN,NAN,NAN,NAN,NAN,NAN,NAN,22
Saint Martin (French part),High income,4,38.659,38659,100,100,38.659,0,99.99927139,99.99927139,0,0.0007286105507,0,NAN,NAN,NAN,NAN,99.99927139,0,0.0007286105507,0,22
Monaco,High income,4,39.24399948,39244,100,100,39.24399948,0,100,100,0,0,0,NAN,NAN,NAN,NAN,100,0,0,0,22
Faeroe Islands,High income,4,48.86500168,48866,42.39799881,42,20.71778283,57.60200119,100,100,0,0,0,NAN,NAN,NAN,NAN,NAN,NAN,NAN,NAN,22
American Samoa,Upper middle income,3,55.1969986,55197,87.15299988,87,48.10584012,12.84700012,99.77377166,99.77377166,0,0.2262283415,0,NAN,NAN,NAN,NAN,NAN,NAN,NAN,NAN,22
Greenland,High income,4,56.77199936,56772,87.28200531,87,49.5517395,12.71799469,100.0000017,100,0,0,0,100,0,0,0,100,0,0,0,22
Northern Mariana Islands,High income,4,57.55699921,57557,91.79799652,92,52.83617213,8.20200348,100,100,0,0,0,NAN,NAN,NAN,NAN,NAN,NAN,NAN,NAN,22
Marshall Islands,Upper middle income,3,59.19400024,59195,77.79399109,78,46.04937527,22.20600891,88.57204698,88.57204698,11.387979,0.03997402585,0,94.42972,5.39028,0.18,0,86.9,13.1,0,0,22
Bermuda,High income,4,62.27299881,62273,100,100,62.27299881,0,99.90314002,99.90314002,0,0.09685998294,0,NAN,NAN,NAN,NAN,99.90314002,0,0.09685998294,0,22
Andorra,High income,4,77.26499939,77265,87.91600037,88,67.92829715,12.08399963,100.0000037,100,0,0,0,100,0,0,0,100,0,0,0,22
Isle of Man,High income,4,85.03199768,85032,52.89800262,53,44.98022836,47.10199738,99.075,99.075,0,0.925,0,NAN,NAN,NAN,NAN,NAN,NAN,NAN,NAN,22
United States Virgin Islands,High income,4,104.4229965,104423,95.93900299,96,100.1823817,4.06099701,98.71826738,98.71826738,0,1.281732624,0,NAN,NAN,NAN,NAN,NAN,NAN,NAN,NAN,22
Tonga,Upper middle income,3,105.6969986,105697,23.09899902,23,24.41494867,76.90100098,98.73108083,98.73108083,0.8814972962,0.3874218777,0,98.46807854,1.103159706,0.4287617551,0,99.60665819,0.143540536,0.2498012758,0,22
Kiribati,Lower middle income,2,119.4459991,119446,55.59399796,56,66.4048063,44.40600204,77.97092085,77.97092085,4.076899625,17.95217953,0,60.99418489,2.096609799,36.90920532,0,91.53117485,5.658666461,2.810158691,0,22
Guam,High income,4,168.7830048,168784,94.93800354,95,160.2392151,5.06199646,99.6952,99.6952,0,0.3048,0,NAN,NAN,NAN,NAN,NAN,NAN,NAN,NAN,22
Saint Lucia,Upper middle income,3,183.6289978,183629,18.8409996,19,34.59753874,81.1590004,96.88784457,96.88784457,1.815652166,1.296503269,0,96.81402383,1.734152255,1.451823918,0,97.20582219,2.166718886,0.6274589237,0,22
Samoa,Lower middle income,2,198.4100037,198411,17.88899994,18,35.49356544,82.11100006,91.83772455,91.83772455,6.520899952,1.418623428,0.2227520679,91.78032287,6.220703339,1.72769216,0.2712816327,92.10119,7.89881,0,0,22
Sao Tome and Principe,Lower middle income,2,219.1609955,219161,74.35400391,74,162.9549752,25.64599609,78.22645516,78.22645516,20.23798298,0.4435199284,1.09204193,74.30061449,19.71184258,1.729405704,4.258137228,79.5805429,20.4194571,0,0,22
Mayotte,NAN,0,272.8129883,272813,45.75099945,46,124.8146688,54.24900055,96.37117971,96.37117971,0,3.628820295,NAN,NAN,NAN,NAN,NAN,NAN,NAN,NAN,NAN,22
French Polynesia,High income,4,280.9039917,280904,61.97500229,62,174.0902553,38.02499771,100,100,0,0,0,NAN,NAN,NAN,NAN,NAN,NAN,NAN,NAN,22
New Caledonia,High income,4,285.4909973,285491,71.51799774,72,204.177445,28.48200226,99.30532057,99.30532057,0,0.6946794278,0,NAN,NAN,NAN,NAN,NAN,NAN,NAN,NAN,22
Barbados,High income,4,287.3710022,287372,31.19099998,31,89.63388924,68.80900002,98.51445042,98.51445042,0.2676005761,1.217949005,0,NAN,NAN,NAN,NAN,NAN,NAN,NAN,NAN,22
French Guiana,NAN,0,298.6820068,298683,85.81999969,86,256.3288973,14.18000031,93.78221635,93.78221635,0,6.217783652,0,NAN,NAN,NAN,NAN,NAN,NAN,NAN,NAN,22
Vanuatu,Lower middle income,2,307.1499939,307150,25.52500153,26,78.40004064,74.47499847,91.23119075,91.23119075,1.06238505,0,7.706424202,88.39720123,1.255132675,0,10.3476661,99.5,0.5,0,0,22
Iceland,High income,4,341.25,341250,93.897995,94,320.4269079,6.102005,99.99999721,99.99999721,0,0.000002794650015,0,100,0,0,0,100,0,0,0,22
Martinique,NAN,0,375.2650146,375266,89.13999939,89,334.5112317,10.86000061,99.84197078,99.84197078,0,0.1580292158,0,NAN,NAN,NAN,NAN,NAN,NAN,NAN,NAN,22
Belize,Upper middle income,3,397.6210022,397622,46.02500153,46,183.0050723,53.97499847,98.40195463,98.40195463,1.249110629,0.3489347411,0,97.99520758,1.358317682,0.6464747393,0,98.87896,1.12104,0,0,22
Guadeloupe,NAN,0,400.1270142,400128,98.49899292,98,394.1210794,1.50100708,99.80312604,99.80312604,0,0.1968739613,0,NAN,NAN,NAN,NAN,NAN,NAN,NAN,NAN,22
Brunei Darussalam,High income,4,437.4830017,437484,78.25000763,78,342.3304822,21.74999237,99.9000368,99.9000368,0,0.09996320036,0,NAN,NAN,NAN,NAN,99.65,0,0.35,0,22
Malta,High income,4,441.5390015,441540,94.7440033,95,418.3317262,5.2559967,100.0000004,100,0,0,0,100,0,0,0,100,0,0,0,22
Maldives,Upper middle income,3,540.5419922,540542,40.66899872,41,219.8330159,59.33100128,99.5444386,99.5444386,0.0480506913,0.407510705,0,99.9190125,0.0809875,0,0,98.99798893,0,1.002011069,0,22
Cabo Verde,Lower middle income,2,555.9879761,555988,66.65200043,67,370.5771082,33.34799957,88.76960642,88.76960642,7.904150846,3.209147716,0.1170950144,80.11452544,9.911127022,9.623217003,0.3511305397,93.1,6.9,0,0,22
Suriname,Upper middle income,3,586.6339722,586634,66.14900208,66,388.0525185,33.85099792,97.98963167,97.98963167,1.067246941,0.3793365073,0.563784884,96.57441263,1.60029586,0.1598017947,1.66548972,98.71385387,0.7944652371,0.4916808925,0,22
Luxembourg,High income,4,625.9760132,625977,91.4529953,91,572.4738139,8.5470047,99.87993254,99.87993254,0,0.1200674649,0,98.5952381,0,1.404761905,0,100,0,0,0,22
Montenegro,Upper middle income,3,628.0620117,628063,67.48800659,67,423.8665318,32.51199341,98.85691652,98.85691652,0.5454788204,0.592312011,0.005292650894,98.16188754,0,1.821833386,0.01627906977,99.19173959,0.8082604128,0,0,22
"China, Macao SAR",High income,4,649.34198,649342,100,100,649.34198,0,100,100,0,0,0,NAN,NAN,NAN,NAN,100,0,0,0,22
Solomon Islands,Lower middle income,2,686.8779907,686878,24.67000008,25,169.4528009,75.32999992,67.30102554,67.30102554,5.79547831,21.26784313,5.635653025,59.40526749,6.528523649,26.955911,7.110297857,91.41077689,3.557120425,3.899286137,1.132816553,22
Bhutan,Lower middle income,2,771.6119995,771612,42.31599808,42,326.5153189,57.68400192,97.31322263,97.31322263,2.460712607,0.1764242183,0.04964054142,96.73119365,3.268806351,0,0,98.10662849,1.3591415,0.4169208475,0.1173091586,22
Guyana,Upper middle income,3,786.559021,786560,26.7859993,27,210.6876939,73.2140007,95.55480685,95.55480685,1.205244408,1.143069849,2.096878897,93.9284905,1.646193862,1.561274833,2.864040809,100,0,0,0,22
Réunion,NAN,0,895.3079834,895308,99.65900421,100,892.2550209,0.34099579,100,100,0,0,0,NAN,NAN,NAN,NAN,NAN,NAN,NAN,NAN,22
Fiji,Upper middle income,3,896.4439697,896444,57.24700546,57,513.1873283,42.75299454,94.30106524,94.30106524,0,3.318602766,2.380331999,89.08802405,0,5.759897938,5.152078012,98.19424406,0,1.495409344,0.3103465922,22
Djibouti,Lower middle income,2,988.0020142,988003,78.06199646,78,771.2540973,21.93800354,76.04992021,76.04992021,14.7574817,7.015876051,2.176722038,47.28073293,12.06161014,30.73550468,9.922152249,84.13501493,15.51511107,0.3498740029,0,22
Eswatini,Lower middle income,2,1160.16394,1160164,24.17100143,24,280.4232425,75.82899857,70.75307095,70.75307095,9.507067163,9.835567931,9.904293959,62.46644874,12.29969513,12.45046093,12.78339519,96.74976305,0.7460644731,1.632164244,0.8720082294,22
Cyprus,High income,4,1207.360962,1207361,66.82099915,67,806.7706582,33.17900085,99.76517318,99.76517318,0,0.2348268167,0,99.84576172,0,0.1542382836,0,99.72515812,0,0.2748418825,0,22
Mauritius,Upper middle income,3,1271.766968,1271767,40.75999832,41,518.3721948,59.24000168,99.8662547,99.8662547,0,0.1337453014,0,99.82768234,0,0.1723176618,0,99.92231522,0,0.07768478119,0,22
Timor-Leste,Lower middle income,2,1318.442017,1318443,31.31999969,31,412.9360356,68.68000031,85.4956012,85.4956012,1.88586597,8.360029397,4.258503433,80.48779562,2.049364675,11.26233968,6.200500018,96.47695792,1.527338152,1.995703929,0,22
Estonia,High income,4,1326.53894,1326539,69.22900391,69,918.3496946,30.77099609,99.59078178,99.59078178,0,0.4092182232,0,NAN,NAN,NAN,NAN,99.98545421,0,0.01454579307,0,22
Trinidad and Tobago,High income,4,1399.490967,1399491,53.2140007,53,744.725133,46.7859993,98.87517077,98.87517077,1.124829231,0,0,NAN,NAN,NAN,NAN,NAN,NAN,NAN,NAN,22
Bahrain,High income,4,1701.583008,1701584,89.50600433,90,1523.018961,10.49399567,100,100,0,0,0,NAN,NAN,NAN,NAN,NAN,NAN,NAN,NAN,22
Latvia,High income,4,1886.202026,1886203,68.31500244,68,1288.55896,31.68499756,98.78260115,98.78260115,0.6823007424,0.5350981037,0,98.57922314,0,1.42077686,0,98.87692469,0.9987568151,0.1243184908,0,22
Guinea-Bissau,Low income,1,1967.998047,1967999,44.19599915,44,869.7764001,55.80400085,59.01691221,59.01691221,14.03457137,26.6263769,0.3221395192,49.8319053,9.285773026,40.31645129,0.5658703845,70.61434791,20.03063358,9.340625284,0.01439322693,22
Slovenia,High income,4,2078.931885,2078932,55.11800385,55,1145.865756,44.88199615,99.5,99.5,0,0.5,0,NAN,NAN,NAN,NAN,NAN,NAN,NAN,NAN,22
North Macedonia,Upper middle income,3,2083.379883,2083380,58.48199844,58,1218.402191,41.51800156,97.74281579,97.74281579,1.63499414,0.5742284762,0.04796159706,97.46871457,1.505202232,0.9105631982,0.11552,97.93740299,1.727136954,0.3354600563,0,22
Lesotho,Lower middle income,2,2142.251953,2142252,29.02799988,29,621.8528943,70.97200012,72.17603927,72.17603927,10.40592597,12.21725464,5.200780116,63.65035482,13.55843013,15.73132479,7.059890254,93.02090855,2.698211997,3.625530038,0.65534942,22
Gabon,Upper middle income,3,2225.728027,2225729,90.09200287,90,2005.202958,9.90799713,85.3419306,85.3419306,7.735263103,6.922808357,NAN,44.74588901,10.51114859,44.7429624,NAN,89.80653917,7.42998076,2.763480072,NAN,22
Botswana,Upper middle income,3,2351.625,2351625,70.8769989,71,1666.761225,29.1230011,92.21356307,92.21356307,4.72303897,1.732526476,1.330871481,79.04372386,15.15494718,1.596119156,4.20520981,97.62498058,0.4366200322,1.788579159,0.1498202281,22
Gambia,Low income,1,2416.664063,2416665,62.58199692,63,1512.396629,37.41800308,80.94040714,80.94040714,8.597391391,10.35285207,0.1093493927,69.18852321,16.49783239,14.24376547,0.0698789368,87.96690427,3.873689522,8.026457278,0.1329489253,22
Namibia,Upper middle income,3,2540.916016,2540917,52.03300095,52,1322.114855,47.96699905,84.27003628,84.27003628,7.08762751,3.740143722,4.902192485,71.25616743,11.97218925,7.081803759,9.689839563,96.26696535,2.584758965,0.6596102638,0.4886654211,22
Lithuania,High income,4,2722.291016,2722292,68.04599762,68,1852.41008,31.95400238,98.01334724,98.01334724,0,1.98665276,0,93.78278023,0,6.217219771,0,100,0,0,0,22
Puerto Rico,High income,4,2860.840088,2860841,93.58100128,94,2677.202799,6.41899872,100,100,0,0,0,NAN,NAN,NAN,NAN,NAN,NAN,NAN,NAN,22
Albania,Upper middle income,3,2877.800049,2877801,62.11199951,62,1787.459152,37.88800049,95.06803883,95.06803883,1.884656092,3.047305081,0,94.09135806,2.305264955,3.603376986,0,95.66380912,1.62808683,2.708104054,0,22
Qatar,High income,4,2881.060059,2881061,99.23500061,99,2859.019967,0.76499939,99.56810194,99.56810194,0,0.4318980637,0,NAN,NAN,NAN,NAN,NAN,NAN,NAN,NAN,22
Jamaica,Upper middle income,3,2961.160889,2961161,56.31100082,56,1667.459332,43.68899918,91.0299445,91.0299445,5.367570914,1.864010203,1.738474379,85.39991216,8.490737371,2.568971895,3.540378574,95.39801591,2.944456223,1.317064322,0.34046355,22
Armenia,Upper middle income,3,2963.233887,2963234,63.31299973,63,1876.112263,36.68700027,99.97118069,99.97118069,0,0.02881930801,0,100,0,0,0,99.95448122,0,0.04551878364,0,22
Mongolia,Lower middle income,2,3278.291992,3278292,68.65699768,69,2250.776857,31.34300232,85.49562527,85.49562527,2.14642893,6.633366714,5.724579081,61.07075114,3.084170572,17.58078116,18.26429713,96.64596558,1.718335079,1.635699341,0,22
Bosnia and Herzegovina,Upper middle income,3,3280.814941,3280815,49.02000046,49,1608.255499,50.97999954,96.11389762,96.11389762,3.823663938,0.06243843752,0,97.33333333,2.666666667,0,0,94.8457044,5.026922206,0.1273733928,0,22
Uruguay,High income,4,3473.727051,3473728,95.51499939,96,3317.930372,4.48500061,99.49575756,99.49575756,0.5042424412,0,0,95.30083,4.69917,0,0,99.69273444,0.3072655617,0,0,22
Georgia,Upper middle income,3,3989.175049,3989176,59.4529953,59,2371.684054,40.5470047,97.3481397,97.3481397,0,2.632761379,0.01909892327,94.2718842,0,5.703923618,0.02419218345,99.44615394,0,0.538220742,0.01562531586,22
Republic of Moldova,Upper middle income,3,4033.962891,4033963,42.84900284,43,1728.512874,57.15099716,90.56996224,90.56996224,1.519776762,7.910260997,0,85.48103812,1.52256302,12.99639886,0,97.35744448,1.516060408,1.126495111,0,22
Croatia,High income,4,4105.268066,4105269,57.55299759,58,2362.704831,42.44700241,NAN,100,NAN,NAN,NAN,NAN,NAN,NAN,NAN,100,0,0,0,22
Kuwait,High income,4,4270.562988,4270563,100,100,4270.562988,0,100,100,0,0,0,NAN,NAN,NAN,NAN,NAN,NAN,NAN,NAN,22
Panama,High income,4,4314.768066,4314769,68.41400146,68,2951.905488,31.58599854,94.37254436,94.37254436,1.873480592,2.262304247,1.491670799,86.32308326,1.791982583,7.162364342,4.722569811,98.08889267,1.911107333,0,0,22
Mauritania,Lower middle income,2,4649.660156,4649661,55.32699585,55,2572.517282,44.67300415,71.68104923,71.68104923,13.47689193,14.82032681,0.02173203433,49.9113389,18.49039689,31.5496173,0.04864690722,89.25869465,9.428808083,1.31249727,0,22
New Zealand,High income,4,4822.23291,4822233,86.6989975,87,4180.82759,13.3010025,100.0000013,100,0,0,0,100,0,0,0,100,0,0,0,22
Central African Republic,Low income,1,4829.76416,4829765,42.19799805,42,2038.063786,57.80200195,37.20240205,37.20240205,25.68237348,33.53911377,3.576110708,28.10659415,19.4058899,46.37307301,6.114442944,49.66166495,34.27978009,15.95940214,0.09915281712,22
Ireland,High income,4,4937.795898,4937796,63.65299988,64,3143.055217,36.34700012,97.39970651,97.39970651,0,2.600293485,0,98.13492075,0,1.865079247,0,96.97988603,0,3.020113966,0,22
Liberia,Low income,1,5057.676758,5057677,52.08899689,52,2634.493089,47.91100311,75.26179159,75.26179159,8.700657475,3.488080869,12.54947006,64.10021689,6.537775797,3.383709875,25.97829744,85.52810963,10.69005698,3.58408039,0.1977530006,22
Costa Rica,Upper middle income,3,5094.11377,5094114,80.77099609,81,4114.566434,19.22900391,99.81053693,99.81053693,0.1894594746,0.000003594451897,0,99.64625,0.35375,0,0,99.84965286,0.1503471429,0,0,22
West Bank and Gaza Strip,Lower middle income,2,5101.416016,5101417,76.71899414,77,3913.755054,23.28100586,97.88039722,97.88039722,1.029979486,1.089623295,NAN,98.71555642,0.3174006273,0.9670429576,NAN,97.62696443,1.246217358,1.126818208,NAN,22
Oman,High income,4,5106.62207,5106623,86.27599335,86,4405.788918,13.72400665,92.16802469,92.16802469,7.541419893,0.2604052036,0.03015021745,76.25077991,21.63212113,1.897409218,0.2196897375,94.7,5.3,0,0,22
Norway,High income,4,5421.242188,5421243,82.97399139,83,4498.221026,17.02600861,99.9999955,99.9999955,0,0.000004503407453,0,100,0,0,0,100,0,0,0,22
Slovakia,High income,4,5459.643066,5459644,53.75999832,54,2935.104021,46.24000168,99.78769858,99.78769858,0.2123014241,0,0,100,0,0,0,99.60509406,0.3949059374,0,0,22
Congo,Lower middle income,2,5518.091797,5518092,67.82900238,68,3742.866616,32.17099762,73.78451158,73.78451158,10.46117203,9.559180722,6.195135664,45.72441318,10.6323901,24.40516973,19.23802699,87.09329616,10.37996439,2.517789997,0.008949452055,22
Finland,High income,4,5540.717773,5540718,85.51700592,86,4738.255946,14.48299408,100.0000033,100,0,0,0,100,0,0,0,100,0,0,0,22
Denmark,High income,4,5792.203125,5792204,88.11600494,88,5103.857992,11.88399506,100.0000011,100,0,0,0,100,0,0,0,100,0,0,0,22
Singapore,High income,4,5850.342773,5850343,100,100,5850.342773,0,100,100,0,0,0,NAN,NAN,NAN,NAN,100,0,0,0,22
Turkmenistan,Upper middle income,3,6031.187012,6031188,52.51600266,53,3167.338332,47.48399734,100,100,0,0,0,100,0,0,0,100,0,0,0,22
El Salvador,Lower middle income,2,6486.201172,6486202,73.44400024,73,4763.725604,26.55599976,97.94657541,97.94657541,0.2072632319,0.3151739969,1.530987366,93.45439508,0.7804762049,0,5.765128712,99.57087001,0,0.4291299944,0,22
Kyrgyzstan,NAN,0,6524.190918,6524191,36.85599899,37,2404.555739,63.14400101,91.69930522,91.69930522,1.900734111,1.8656487,4.534311965,87.258429,2.606070485,2.954593684,7.180906832,99.30769231,0.6923076923,0,0,22
Nicaragua,Lower middle income,2,6624.554199,6624555,59.01200104,59,3909.281993,40.98799896,81.7087538,81.7087538,1.506645682,13.53053114,3.254069378,59.10744663,3.520974285,29.78017368,7.5914054,97.40695661,0.1075523143,2.244007656,0.2414834229,22
Lebanon,Lower middle income,2,6825.441895,6825442,88.92499542,89,6069.523893,11.07500458,92.6,92.6,7.4,0,0,NAN,NAN,NAN,NAN,NAN,NAN,NAN,NAN,22
Libya,Upper middle income,3,6871.287109,6871288,80.69100189,81,5544.510411,19.30899811,99.8915238,99.8915238,0,0.1084762012,0,NAN,NAN,NAN,NAN,NAN,NAN,NAN,NAN,22
Bulgaria,Upper middle income,3,6948.444824,6948445,75.68599701,76,5258.999742,24.31400299,99.01141694,99.01141694,0,0.9885830607,0,97.40128797,0,2.598712031,0,99.5286704,0,0.4713296007,0,22
Paraguay,Upper middle income,3,7132.529785,7132530,62.18299484,62,4435.220628,37.81700516,99.59346633,99.59346633,0.4065302439,0.0000034229177,0,99.11122753,0.8887724684,0,0,99.88674854,0.1132514643,0,0,22
Lao People's Democratic Republic,Lower middle income,2,7275.556152,7275557,36.29000092,36,2640.299394,63.70999908,85.21974318,85.21974318,3.566857739,10.62886799,0.5845310938,78.47295942,5.598583786,15.0109696,0.9174871957,97.06426222,0,2.935737778,0,22
"China, Hong Kong SAR",High income,4,7496.987793,7496988,100,100,7496.987793,0,100,100,0,0,0,NAN,NAN,NAN,NAN,100,0,0,0,22
Sierra Leone,Low income,1,7976.984863,7976985,42.92300034,43,3423.96124,57.07699966,63.76628562,63.76628562,9.023316357,15.5639457,11.64645233,52.75270267,5.221136889,23.14294909,18.88321135,78.41163766,14.07927743,5.485735437,2.023349475,22
Togo,Low income,1,8278.737305,8278738,42.79999924,43,3543.299504,57.20000076,68.58372009,68.58372009,6.065434765,14.16432245,11.18652269,52.11755275,8.187542019,20.7910842,18.90382103,90.58991001,3.229348056,5.307990528,0.8727514049,22
Switzerland,High income,4,8654.618164,8654619,73.91500092,74,6397.061096,26.08499908,100.0000028,100,0,0,0,100,0,0,0,100,0,0,0,22
Israel,High income,4,8655.541016,8655542,92.58699799,93,8013.905587,7.41300201,100,100,0,0,0,100,0,0,0,100,0,0,0,22
Serbia,Upper middle income,3,8737.370117,8737371,56.44599915,56,4931.895862,43.55400085,95.29552932,95.29552932,4.244199279,0.4437204778,0.01655092647,95.84497475,3.545864028,0.5711602866,0.03800093141,94.87156989,4.783037865,0.3453922445,0,22
Papua New Guinea,Lower middle income,2,8947.027344,8947028,13.34500027,13,1193.980823,86.65499973,45.34401752,45.34401752,2.128564452,22.15762495,30.36979308,39.07134367,2.429850293,24.43180086,34.06700517,86.07527164,0.1721822608,7.390385564,6.362160532,22
Austria,High income,4,9006.400391,9006401,58.7480011,59,5291.080201,41.2519989,100,100,0,0,0,100,0,0,0,100,0,0,0,22
Belarus,Upper middle income,3,9449.321289,9449322,79.48300171,79,7510.604202,20.51699829,96.53472608,96.53472608,3.37211955,0.09315436837,0,98.56412231,0.9955971951,0.4402804931,0,96.01087362,3.985572644,0.003553731977,0,22
Tajikistan,Lower middle income,2,9537.641602,9537642,27.50599861,28,2623.423566,72.49400139,81.85241502,81.85241502,2.568363935,3.421857005,12.15736404,76.6435992,3.207143928,4.140706948,16.00854992,95.58062386,0.8848144763,1.527268323,2.007293339,22
Hungary,High income,4,9660.349609,9660350,71.94200134,72,6949.848845,28.05799866,99.99999747,99.99999747,0,0.000002527244192,0,100,0,0,0,100,0,0,0,22
United Arab Emirates,High income,4,9890.400391,9890401,87.04799652,87,8609.395388,12.95200348,99.965596,99.965596,0,0.034404,0,NAN,NAN,NAN,NAN,NAN,NAN,NAN,NAN,22
Honduras,Lower middle income,2,9904.608398,9904609,58.35899734,58,5780.230152,41.64100266,95.68922113,95.68922113,0.4256206085,3.885158264,0,89.87579955,0.8067095079,9.317490946,0,99.83728281,0.1537015262,0.009015663296,0,22
Sweden,High income,4,10099.26953,10099270,87.97699738,88,8885.03409,12.02300262,99.82686763,99.82686763,0,0.1731323735,0,99.71937474,0,0.2806252626,0,99.84155768,0,0.1584423157,0,22
Azerbaijan,Upper middle income,3,10139.1748,10139175,56.39700317,56,5718.190733,43.60299683,96.04337613,96.04337613,1.04278118,2.913842688,0,90.92579795,2.391535671,6.682666377,0,100,0,0,0,22
Portugal,High income,4,10196.70703,10196708,66.30999756,66,6761.436183,33.69000244,99.91199367,99.91199367,0,0.08800633369,0,99.73877609,0,0.2612239122,0,100,0,0,0,22
Jordan,Upper middle income,3,10203.13965,10203140,91.41799927,91,9327.506131,8.58200073,98.94030296,98.94030296,0.1462147369,0.8536474704,0.05983483179,97.31147869,0.6239465945,2.024714716,0.03986,99.09321259,0.1013669408,0.7437104707,0.06171,22
Greece,High income,4,10423.05566,10423056,79.71500397,80,8308.739233,20.28499603,100.0000023,100,0,0,0,100,0,0,0,100,0,0,0,22
Czech Republic,High income,4,10708.98242,10708983,74.06100464,74,7931.179967,25.93899536,99.88059167,99.88059167,0,0.1194083325,0,99.8175993,0,0.1824006965,0,99.90265093,0,0.0973490679,0,22
Dominican Republic,Upper middle income,3,10847.9043,10847905,82.54000092,83,8953.860309,17.45999908,96.68681192,96.68681192,0.4670386504,1.269428783,1.576720644,90.30446437,1.385315508,1.115118127,7.195101991,98.03689158,0.2727920359,1.302073396,0.3882429922,22
South Sudan,Low income,1,11193.72852,11193729,20.1989994,20,2261.021157,79.8010006,40.95092717,40.95092717,37.42696287,13.53755519,8.084554762,33.59362881,42.16438068,14.11109616,10.13089435,70.01770445,18.71066092,11.27163464,0,22
Cuba,Upper middle income,3,11326.61621,11326617,77.19400024,77,8743.468144,22.80599976,97.00269616,97.00269616,1.471384542,1.252811506,0.2731077963,94.38665114,2.591752445,1.905972935,1.115623477,97.77557664,1.1403859,1.059840374,0.02419708411,22
Haiti,Lower middle income,2,11402.5332,11402534,57.08799744,57,6509.477861,42.91200256,66.6953084,66.6953084,9.814543652,23.49014795,0,42.8457001,13.25598695,43.89831295,0,84.62262129,7.227673879,8.149704835,0,22
Belgium,High income,4,11589.61621,11589617,98.07899475,98,11366.97907,1.92100525,99.99999645,99.99999645,0,0.000003554796791,0,100,0,0,0,100,0,0,0,22
Bolivia (Plurinational State of),Lower middle income,2,11673.0293,11673030,70.1230011,70,8185.478464,29.8769989,93.39007163,93.39007163,0.1365905296,1.575010843,4.898326997,79.93664283,0.2447364082,3.954133693,15.86448707,99.12211832,0.09051328947,0.5613453808,0.2260230112,22
Tunisia,Lower middle income,2,11818.61816,11818619,69.56800079,70,8221.976375,30.43199921,97.54330899,97.54330899,1.63135067,0.8253403378,0,93.93623193,3.351687357,2.71208071,0,99.12119763,0.8788023684,0,0,22
Burundi,Low income,1,11890.78125,11890782,13.70800018,14,1629.988315,86.29199982,62.20712225,62.20712225,19.43969314,14.75825969,3.594924913,57.68576527,21.25148213,16.89675238,4.166000219,90.66911086,8.034462869,1.296426269,0,22
Benin,Lower middle income,2,12123.19824,12123199,48.4149971,48,5869.446076,51.5850029,65.41412299,65.41412299,9.317535586,21.97254088,3.295800547,58.05226799,12.70520504,23.97796833,5.264558634,73.25800004,5.708056353,19.83580681,1.198136794,22
Rwanda,Low income,1,12952.20898,12952209,17.43200111,17,2257.829213,82.56799889,60.41450115,60.41450115,22.3207193,13.15480415,4.109975401,55.64246823,25.08014133,14.77886772,4.498522714,83.0175993,9.250506251,5.462303057,2.269591394,22
Guinea,Low income,1,13132.79199,13132792,36.875,37,4842.717046,63.125,63.96178874,63.96178874,21.2815915,6.296119406,8.460500354,50.74817899,26.14432944,9.704719143,13.40277243,86.58169007,12.95724153,0.461068398,0,22
Zimbabwe,Lower middle income,2,14862.92676,14862927,32.24200058,32,4792.104932,67.75799942,62.66645761,62.66645761,14.1975397,16.27785545,6.858147242,48.28242885,18.59098467,23.01364655,10.11293992,92.89512895,4.964517757,2.122298674,0.01805461538,22
Somalia,Low income,1,15893.21875,15893219,46.14099884,46,7333.289879,53.85900116,56.47697339,56.47697339,27.70419956,13.41704303,2.401784021,37.07586282,36.64324958,21.82149546,4.459392143,79.12330574,17.26991556,3.606778703,0,22
Chad,Low income,1,16425.85938,16425860,23.52000046,24,3863.362202,76.47999954,46.18753479,46.18753479,14.74028929,31.56245714,7.509718784,37.57521525,14.35396111,38.52496761,9.545856027,74.19222309,15.99651381,8.922452721,0.8888103843,22
Cambodia,Lower middle income,2,16718.9707,16718971,24.23200035,24,4051.341039,75.76799965,71.21988497,71.21988497,13.90222204,5.677218558,9.200674434,65.06715583,15.51772278,7.492899307,11.92222209,90.45807717,8.85091472,0,0.6910081144,22
Senegal,Lower middle income,2,16743.92969,16743930,48.12200165,48,8057.514122,51.87799835,84.90523779,84.90523779,2.387217509,12.60781566,0.09972904042,75.2429282,4.052382433,20.51245174,0.1922376314,95.32170094,0.5920836567,4.086215402,0,22
Netherlands,High income,4,17134.87305,17134874,92.23600006,92,15804.52152,7.76399994,99.99999929,99.99999929,0,0.000000712408621,0,100,0,0,0,100,0,0,0,22
Syrian Arab Republic,Low income,1,17500.65625,17500657,55.47500229,55,9708.489455,44.52499771,93.92585718,93.92585718,5.873730768,0.2004120542,0,92.082745,7.917255,0,0,95.40516436,4.233570117,0.361265525,0,22
Ecuador,Upper middle income,3,17643.06055,17643061,64.16600037,64,11320.8463,35.83399963,99.99999929,99.99999929,0,2.604485389,2.032299589,87.05074495,0.009631811022,7.26819549,5.671427747,100,0,0,0,22
Guatemala,Upper middle income,3,17915.56641,17915567,51.83599854,52,9286.712743,48.16400146,93.92585718,93.92585718,5.873730768,3.215911815,1.743509404,90.1193298,1.849169999,4.583438691,3.448061508,97.61816944,0.2768660057,1.94525887,0.1597056849,22
Zambia,Low income,1,18383.95508,18383956,44.6289978,45,8204.574908,55.3710022,95.35976356,95.35976356,0.003451463449,21.57684071,6.856836706,48.22728833,8.331703613,31.60865444,11.83235362,86.73385466,3.451996194,9.130414105,0.6837350463,22
Kazakhstan,Upper middle income,3,18776.70703,18776708,57.67100143,58,10828.71498,42.32899857,94.00642827,94.00642827,1.034150511,2.545956934,0.07764770471,91.93925234,1.862616064,6.014693049,0.1834385438,98.00073133,1.999268673,0,0,22
Chile,High income,4,19116.20898,19116209,87.72699738,88,16770.07615,12.27300262,65.41238357,65.41238357,6.15393902,0.000001277139333,0,100,0,0,0,100,0,0,0,22
Malawi,Low income,1,19129.95508,19129956,17.42700005,17,3333.777281,82.57299995,95.43497032,95.43497032,1.941425039,5.776304407,2.22515211,66.58504376,24.41415803,6.383874146,2.616924066,86.45469821,10.27894825,2.897503996,0.3688495446,22
Romania,High income,4,19237.68164,19237682,54.19400024,54,10425.66923,45.80599976,99.99999872,99.99999872,0,0,0,100,0,0,0,100,0,0,0,22
Mali,Low income,1,20250.83398,20250834,43.90900421,44,8891.939545,56.09099579,70.04772851,70.04772851,21.95081497,12.24697135,1.35100309,72.08089521,3.78241223,21.72810084,2.408591717,95.91745475,3.947121723,0.1354235314,0,22
Burkina Faso,Low income,1,20903.27734,20903278,30.60700035,31,6397.866169,69.39299965,100,100,0,21.15863263,0.3535095024,32.7182589,38.62690254,28.3404457,0.3143928626,80.08191854,14.60004919,4.875836487,0.4421957805,22
Sri Lanka,Lower middle income,2,21413.25,21413250,18.71299934,19,4007.061331,81.28700066,82.54729103,82.54729103,3.854734527,5.348927064,1.82803542,90.5374357,0.7032099038,6.510488612,2.248865782,99.56938019,0.1273977901,0.3032220202,0,22
Niger,Low income,1,24206.63672,24206637,16.62599945,17,4024.595288,83.37400055,47.21485446,47.21485446,31.2730034,27.02751244,4.406791392,39.15415932,23.98774039,31.99150648,4.866593813,85.81383976,9.950440829,2.13468778,2.101031634,22
Australia,High income,4,25499.88086,25499881,86.24099731,86,21991.35157,13.75900269,92.22757937,92.22757937,0.5954581495,0.03018817873,0,100,0,0,0,99.965,0,0.035,0,22
Democratic People's Republic of Korea,Low income,1,25778.81445,25778815,62.38100052,62,16081.08238,37.61899948,46.91179747,46.91179747,21.6538987,5.20969278,0.2633330058,88.75362488,0.3564402606,10.18993486,0.7,96.91351044,0.8801428799,2.206346677,0,22
Côte d'Ivoire,Lower middle income,2,26378.27539,26378276,51.70599747,52,13639.15041,48.29400253,99.96981182,99.96981182,0,14.19244161,5.963066293,55.72244686,13.34316829,23.17527956,7.759105289,85.09355329,4.818535156,5.80236656,4.285544994,22
Cameroon,Lower middle income,2,26545.86328,26545864,57.56000519,58,15279.80028,42.43999481,65.72041818,65.72041818,12.87474863,15.00100626,6.403826927,43.52758112,12.67259943,30.12380645,13.676013,82.08358486,13.02379677,3.850701351,1.041917019,22
Madagascar,Low income,1,27691.01953,27691020,38.5340004,39,10670.45758,61.4659996,53.38588491,53.38588491,2.71797298,32.31145967,11.58468244,36.40642028,1.601776163,43.95389345,18.03791011,80.47000694,4.498430298,13.74049434,1.291068417,22
Venezuela (Bolivarian Republic of),NAN,0,28435.94336,28435944,88.27899933,88,25102.96625,11.72100067,93.68580071,93.68580071,0.4707829181,5.843416373,NAN,NAN,NAN,NAN,NAN,NAN,NAN,NAN,NAN,22
Nepal,Lower middle income,2,29136.80859,29136809,20.57600021,21,5995.189797,79.42399979,90.07454179,90.07454179,3.979825725,4.699081176,1.246551314,90.20327165,4.207348246,4.269023951,1.320356149,89.57763316,3.101581411,6.359123168,0.9616622585,22
Yemen,Low income,1,29825.96875,29825969,37.90799713,38,11306.42738,62.09200287,60.66356984,60.66356984,28.9627418,7.77785276,2.595835594,50.68133437,33.53021373,11.60782393,4.180627978,77.01412934,21.48137937,1.504491286,0,22
Ghana,Lower middle income,2,31072.94531,31072946,57.34899902,57,17820.0231,42.65100098,85.79099665,85.79099665,6.586062113,2.812216176,4.810725058,71.89275005,11.93454827,4.999356483,11.17334519,96.12725952,2.608342455,1.185613803,0.07878421819,22
Mozambique,Low income,1,31255.43555,31255436,37.0739975,37,11587.63939,62.9260025,63.36942563,63.36942563,9.975784507,16.72614511,9.928644759,48.8666865,12.64088359,23.6862564,14.80617352,87.98504792,5.452291027,4.912684644,1.649976404,22
Malaysia,Upper middle income,3,32365.99805,32365999,77.15999603,77,24973.60281,22.84000397,97.09990707,97.09990707,0.3545396865,2.545553241,NAN,90.19744812,0.5444513971,9.258100478,NAN,99.14309591,0.2983242605,0.4685798319,0.09,22
Angola,Lower middle income,2,32866.26953,32866270,66.82499695,67,21962.88361,33.17500305,57.16773762,57.16773762,9.287349919,19.45082534,14.09408712,27.80822661,8.740488389,22.93315258,40.51813242,71.74314862,9.558837489,17.72203473,0.9759791629,22
Peru,Upper middle income,3,32971.84766,32971848,78.2970047,78,25815.96911,21.7029953,93.13936621,93.13936621,0.8495593511,4.150468349,1.860606087,80.79943849,1.596943771,9.612691163,7.990926578,96.55984408,0.6423932356,2.636408693,0.1613539953,22
Uzbekistan,Lower middle income,2,33469.19922,33469200,50.41599655,50,16873.83032,49.58400345,97.82878485,97.82878485,0,0.22384422,1.947370925,96.07258236,0,0,3.927417637,99.55600556,0,0.4439944434,0,22
Saudi Arabia,High income,4,34813.86719,34813868,84.28700256,84,29343.56513,15.71299744,100,100,0,0,0,NAN,NAN,NAN,NAN,NAN,NAN,NAN,NAN,22
Morocco,Lower middle income,2,36910.55859,36910559,63.53199768,64,23450.01523,36.46800232,90.40234468,90.40234468,5.263549601,2.8776725,1.456433219,77.34612896,12.03707816,6.623063373,3.993729502,97.89674601,1.375477117,0.7277768759,0,22
Canada,High income,4,37742.15625,37742157,81.56200409,82,30783.25902,18.43799591,99.22181066,99.22181066,0,0.7781893369,0,99.0604959,0,0.9395041006,0,99.25827766,0,0.7417223371,0,22
Poland,High income,4,37846.60547,37846606,60.04300308,60,22724.23849,39.95699692,99.96659155,99.96659155,0,0.03340844529,0,100,0,0,0,99.94435484,0,0.05564516129,0,22
Afghanistan,Low income,1,38928.33984,38928340,26.02599907,26,10131.48936,73.97400093,75.09141325,75.09141325,1.447541688,14.56026288,8.900782174,66.32791521,1.956824851,19.68294895,12.03231098,100,0,0,0,22
Iraq,Upper middle income,3,40222.50391,40222504,70.89299774,71,28514.93879,29.10700226,98.35990325,98.35990325,0.8921603495,0.000002427900808,0.7479339713,94.83114678,2.599251339,0,2.569601877,99.80873103,0.19126897,0,0,22
Ukraine,Lower middle income,2,43733.75781,43733758,69.60800171,70,30442.19488,30.39199829,93.92828195,93.92828195,5.671978717,0.07590450129,0.323834836,100,0,0,0,91.27727011,8.14845779,0.1090456533,0.4652264446,22
Sudan,Low income,1,43849.26953,43849270,35.25299835,35,15458.18226,64.74700165,60.4486756,60.4486756,26.67001975,3.650217875,9.231086774,53.19902707,27.45764451,5.637660008,13.70566842,73.76365956,25.22343986,0,1.012900581,22
Algeria,Lower middle income,2,43851.04297,43851043,73.73300171,74,32332.69026,26.26699829,94.43732996,94.43732996,4.985880842,0.5318366638,0.04495253272,90.03753791,8.79672214,0.9946030281,0.1711369258,96.00473586,3.628288591,0.3669755478,0,22
Argentina,Upper middle income,3,45195.77734,45195778,92.11100006,92,41630.28249,7.88899994,NAN,100,NAN,NAN,NAN,NAN,NAN,NAN,NAN,99.79042065,0,0.2095793501,0,22
Uganda,Low income,1,45741,45741000,24.95400047,25,11414.20935,75.04599953,55.85504921,55.85504921,27.28286,12.16590654,4.696184252,48.23118958,31.78469426,14.07616061,5.907955546,78.7828518,13.74416783,6.421044133,1.051936238,22
Spain,High income,4,46754.78125,46754782,80.80999756,81,37782.53759,19.19000244,99.92561261,99.92561261,0,0.07438739142,0,100,0,0,0,99.90794521,0,0.09205479452,0,22
Colombia,Upper middle income,3,50882.88281,50882883,81.42499542,81,41431.385,18.57500458,97.49165711,97.49165711,0.1861521591,0.9536162228,1.368574512,86.76707282,0.7312282016,5.13386897,7.367830005,99.9381928,0.0618072,0,0,22
Republic of Korea,High income,4,51269.18359,51269184,81.41400146,81,41740.29388,18.58599854,99.93139665,99.93139665,0,0.06860335296,0,NAN,NAN,NAN,NAN,NAN,NAN,NAN,NAN,22
Kenya,Lower middle income,2,53771.30078,53771301,27.99499893,28,15053.27508,72.00500107,61.63289158,61.63289158,9.54187005,9.780087524,19.04515084,51.77997893,11.56900419,12.51911322,24.13190366,86.97523145,4.327944725,2.73514263,5.961681193,22
Myanmar,Lower middle income,2,54409.79297,54409793,31.14100075,31,16943.75404,68.85899925,83.71819191,83.71819191,1.595436949,5.10942478,9.576946362,78.42256469,2.316962142,6.592393694,12.66807947,95.42788606,0,1.830283006,2.741830931,22
South Africa,Upper middle income,3,59308.69141,59308692,67.35400391,67,39946.77833,32.64599609,93.88505744,93.88505744,2.772736186,1.410816657,1.931389712,83.32948118,6.977359359,3.776999287,5.916160173,99.00126484,0.734785403,0.2639497547,0,22
United Republic of Tanzania,Lower middle income,2,59734.21484,59734215,35.22700119,35,21042.57257,64.77299881,60.71679759,60.71679759,11.29007067,14.51775136,13.47538038,45.44696534,13.98368881,21.21996133,19.34938452,88.7939249,6.337231166,2.194178786,2.674665152,22
Italy,High income,4,60461.82813,60461829,71.03899384,71,42951.47436,28.96100616,99.91703407,99.91703407,0,0.08296592591,0,NAN,NAN,NAN,NAN,NAN,NAN,NAN,NAN,22
France,High income,4,65273.51172,65273512,80.97499847,81,52855.22512,19.02500153,99.9999985,99.9999985,0,0.00000149610841,0,100,0,0,0,100,0,0,0,22
United Kingdom,High income,4,67886.00781,67886008,83.90299988,84,56958.39705,16.09700012,99.99999856,99.99999856,0,0.00000143853282,0,100,0,0,0,100,0,0,0,22
Thailand,Upper middle income,3,69799.97656,69799977,51.43000031,51,35898.12816,48.56999969,100,100,0,0,0,100,0,0,0,100,0,0,0,22
Germany,High income,4,83783.94531,83783946,77.45300293,77,64893.18162,22.54699707,100.0000023,100,0,0,0,100,0,0,0,100,0,0,0,22
Iran (Islamic Republic of),Lower middle income,2,83992.95313,83992954,75.87400055,76,63728.81372,24.12599945,97.48263633,97.48263633,1.938311229,0.5137973631,0.06525508185,93.82873538,4.297948765,1.602839669,0.2704761905,98.64448672,1.188006671,0.1675066077,0,22
Turkey,Upper middle income,3,84339.07031,84339071,76.10500336,76,64186.25229,23.89499664,97.01426916,97.01426916,2.023078075,0.7376749545,0.2249778093,96.02516977,2.684574639,0.7882555911,0.502,97.32481783,1.815385203,0.7217969634,0.138,22
Democratic Republic of the Congo,Lower middle income,2,89561.40625,89561407,45.63800049,46,40874.03502,54.36199951,45.95212696,45.95212696,13.44122447,32.54231607,8.064332495,21.98279234,12.68294146,51.21598167,14.11828453,74.50335478,14.34445818,10.29905862,0.8531284131,22
Viet Nam,Lower middle income,2,97338.58594,97338586,37.34000015,37,36346.22814,62.65999985,96.88435687,96.88435687,0,3.115643126,0,95.51453844,0,4.48546156,0,99.18304001,0,0.816959987,0,22
Egypt,Lower middle income,2,102334.4063,102334407,42.78300095,43,43781.73002,57.21699905,99.44017596,99.44017596,0.2376091086,0.3222149265,0,99.33283515,0.3359418224,0.3312230319,0,99.5837311,0.1061012067,0.3101676943,0,22
Philippines,Lower middle income,2,109581.0859,109581086,47.40799713,47,51950.19806,52.59200287,94.10903456,94.10903456,2.856486137,3.034479307,0,91.06193322,3.959520428,4.978546347,0,97.4893325,1.632836465,0.877831036,0,22
Ethiopia,Low income,1,114963.5859,114963586,21.69499969,22,24941.3496,78.30500031,49.61557274,49.61557274,26.74071964,18.63506013,5.008647486,40.03013919,30.18668334,23.49561327,6.287564203,84.21282816,14.30300858,1.091582355,0.392580896,22
Japan,High income,4,126476.4609,126476461,91.78199768,92,116082.6224,8.21800232,99.07891245,99.07891245,0,0.9210875467,0,NAN,NAN,NAN,NAN,NAN,NAN,NAN,NAN,22
Mexico,Upper middle income,3,128932.75,128932750,80.73099518,81,104088.6922,19.26900482,99.67956828,99.67956828,0,0.3204317169,0,98.33706893,0,1.662931067,0,100,0,0,0,22
Russian Federation,Upper middle income,3,145934.4531,145934454,74.75400543,75,109091.849,25.24599457,96.99254807,96.99254807,0.6219963766,2.38545555,NAN,91.54410196,1.583163513,6.872734531,NAN,98.83259961,0.2973899687,0.6700104236,0.2,22
Bangladesh,Lower middle income,2,164689.3906,164689391,38.17700195,38,62873.47186,61.82299805,97.69796025,97.69796025,1.156425878,0.4626557002,0.6829581735,97.88023776,0.8581049804,0.3164802414,0.9451770151,97.40277797,1.639520121,0.6993752147,0.2583266934,22
Nigeria,Lower middle income,2,206139.5938,206139594,51.95800018,52,107106.0105,48.04199982,77.60905338,77.60905338,4.979399343,11.79691148,5.614635794,61.65821003,7.128924583,20.92487535,10.28799004,92.35770519,2.99188065,3.356908786,1.29350537,22
Brazil,Upper middle income,3,212559.4063,212559407,87.07299805,87,185081.8477,12.92700195,99.32085299,99.32085299,0.1265490039,0.5525980099,NAN,95.94525953,0.9789509154,3.075789551,NAN,99.82200131,0,0.1779986949,0,22
Pakistan,Lower middle income,2,220892.3281,220892329,37.16500092,37,82094.63577,62.83499908,90.14896508,90.14896508,3.822279525,4.413307574,1.61544782,88.59986076,3.852278117,5.174596509,2.373264617,92.76804985,3.771561162,3.126184571,0.3342044223,22
Indonesia,Lower middle income,2,273523.625,273523625,56.64099884,57,154926.5133,43.35900116,92.41534961,92.41534961,0.8554746335,5.553871666,1.175304087,85.66796238,1.17809123,10.61491462,2.539031772,97.58051207,0.6085098345,1.679615139,0.1313629588,22
United States of America,High income,4,331002.6563,331002657,82.66400146,83,273620.0406,17.33599854,99.88352668,99.88352668,0,0.1164733182,0,99.67078734,0,0.3292126628,0,99.92814447,0,0.0718555296,0,22
India,Lower middle income,2,1380004.375,1380004375,34.9260025,35,481980.3625,65.0739975,90.48952503,90.48952503,4.983602562,3.963153945,0.5637184626,88.78250313,5.902210054,4.57637573,0.7389110856,93.6700363,3.272056027,2.820607523,0.2373001538,22
China,Upper middle income,3,1463140.5,1463140500,61.71308899,62,902949.1988,38.28691101,94.26111059,94.26111059,0.8147213297,4.725451938,0.1987161441,89.66123351,1.832679086,8.506087409,0,97.11488267,0.1831784927,2.37993884,0.322,22