name,Region,year,y_diff,pop_n,pop_u,wat_bas_n,wat_bas_n(rounded),wat_lim_n,wat_unimp_n,wat_sur_n,wat_bas_r,wat_bas_r(rounded),wat_lim_r,wat_unimp_r,wat_sur_r,wat_bas_u,wat_bas_u(rounded),wat_lim_u,wat_unimp_u,wat_sur_u,ARC_N,ARC_N(full),ARC_N(filtered),ARC_R,ARC_R(full),ARC_R(filtered),ARC_U,ARC_U(full),ARC_U(filtered),ARC_DIFF
Afghanistan,South Asia,2015,,34413.60156,24.8029995,61.33978081,61,3.511199514,22.16878383,12.98023585,52.98850202,53,3.861136617,26.55326757,16.59709379,86.65894072,87,2.450270561,8.876035732,2.014752987,2.750326488,,2.750326488,2.667882638,,2.667882638,2.668211856,,2.668211856,-0.000329218
Afghanistan,South Asia,2020,5,38928.33984,26.02599907,75.09141325,75,1.447541688,14.56026288,8.900782174,66.32791521,66,1.956824851,19.68294895,12.03231098,100,100,0,0,0,,,,,,,,,,
Albania,Europe & Central Asia,2015,,2890.523926,57.43399811,93.39432534,93,3.626383658,2.979291004,0,90.62727461,91,5.263172648,4.109552744,0,95.44506696,95,2.41331182,2.141621216,0,0.334742698,,0.334742698,0.69281669,,0.69281669,0.043748432,,0.043748432,0.649068258
Albania,Europe & Central Asia,2020,5,2877.800049,62.11199951,95.06803883,95,1.884656092,3.047305081,0,94.09135806,94,2.305264955,3.603376986,0,95.66380912,96,1.62808683,2.708104054,0,,,,,,,,,,
Algeria,Middle East & North Africa,2015,,39728.01953,70.84799957,93.40956153,93,5.157780893,1.275464684,0.1571928913,88.35270686,88,8.685753121,2.580431801,0.3811082155,95.4903147,95,3.706117317,0.7385100851,0.06505789753,0.205553686,,0.205553686,0.33696621,,0.33696621,0.102884232,,0.102884232,0.234081978
Algeria,Middle East & North Africa,2020,5,43851.04297,73.73300171,94.43732996,94,4.985880842,0.5318366638,0.04495253272,90.03753791,90,8.79672214,0.9946030281,0.1711369258,96.00473586,96,3.628288591,0.3669755478,0,,,,,,,,,,
American Samoa,East Asia & Pacific,2015,,55.80599976,87.23800659,99.61910315,100,0,0.3808968461,0,null,null,null,null,null,null,null,null,null,null,0.030933702,Full access,0.030933702,Null,,,Null,,,
American Samoa,East Asia & Pacific,2020,5,55.1969986,87.15299988,99.77377166,100,0,0.2262283415,0,null,null,null,null,null,null,null,null,null,null,,,,,,,,,,
Andorra,Europe & Central Asia,2015,,77.99299622,88.34499359,99.99999755,100,0,0.000002445538357,0,100,100,0,0,0,100,100,0,0,0,0.000001229999998,Full access,0.000001229999998,0,Full access,,0,Full access,,0
Andorra,Europe & Central Asia,2020,5,77.26499939,87.91600037,100.0000037,100,0,0,0,100,100,0,0,0,100,100,0,0,0,,,,,,,,,,
Angola,Sub-Saharan Africa,2015,,27884.38086,63.44599533,54.31692835,54,11.36861866,17.37235635,16.94209664,26.7143694,27,9.931069288,21.72530762,41.62925369,70.21996512,70,12.19685349,14.86443147,2.718749921,0.570161854,,0.570161854,0.218771442,,0.218771442,0.3046367,,0.3046367,-0.085865258
Angola,Sub-Saharan Africa,2020,5,32866.26953,66.82499695,57.16773762,57,9.287349919,19.45082534,14.09408712,27.80822661,28,8.740488389,22.93315258,40.51813242,71.74314862,72,9.558837489,17.72203473,0.9759791629,,,,,,,,,,
Anguilla,Latin America & Caribbean,2015,,14.27900028,100,97.48227425,97,0,2.517725753,0,null,null,null,null,null,97.48227425,97,0,2.517725753,0,0,,0,Null,,,0,,0,
Anguilla,Latin America & Caribbean,2017,2,14.5880003,100,97.48227425,97,0,2.517725753,0,null,null,null,null,null,97.48227425,97,0,2.517725753,0,,,,,,,,,,
Antigua and Barbuda,Latin America & Caribbean,2015,,93.57099915,25,96.73918628,97,0,3.16634761,0.09446611409,null,null,null,null,null,null,null,null,null,null,0,,0,Null,,,Null,,,
Antigua and Barbuda,Latin America & Caribbean,2017,2,95.42500305,24.71300125,96.73918628,97,0,3.16634761,0.09446611409,null,null,null,null,null,null,null,null,null,null,,,,,,,,,,
Argentina,Latin America & Caribbean,2015,,43075.41406,91.50299835,98.96658815,99,0,0.6649143791,0.3684974742,92.98366005,93,0,2.679544899,4.336795051,99.52216305,100,0,0.4778369473,0,Null,,Null,Null,,Null,0.05365152,Full access,0.05365152,
Argentina,Latin America & Caribbean,2020,5,45195.77734,92.11100006,null,null,null,null,null,null,null,null,null,null,99.79042065,100,0,0.2095793501,0,,,,,,,,,,
Armenia,Europe & Central Asia,2015,,2925.559082,63.0850029,99.5525667,100,0,0.09850508366,0.3489282205,99.05477927,99,0,0,0.9452207347,99.8438534,100,0,0.1561465981,0,0.083722798,Full access,0.083722798,0.189044146,,0.189044146,0.022125564,Full access,0.022125564,0.166918582
Armenia,Europe & Central Asia,2020,5,2963.233887,63.31299973,99.97118069,100,0,0.02881930801,0,100,100,0,0,0,99.95448122,100,0,0.04551878364,0,,,,,,,,,,
Aruba,Latin America & Caribbean,2015,,104.3389969,43.10800171,97.86902338,98,0,1.95993621,0.1710404089,null,null,null,null,null,null,null,null,null,null,0,,0,Null,,,Null,,,
Aruba,Latin America & Caribbean,2016,1,104.8649979,43.19199753,97.86902338,98,0,1.95993621,0.1710404089,null,null,null,null,null,null,null,null,null,null,,,,,,,,,,
Australia,East Asia & Pacific,2015,,23932.49805,85.70100403,99.97000567,100,0,0.02999433057,0,100,100,0,0,0,99.965,100,0,0.035,0,-0.00003877,Full access,-0.00003877,0,Full access,,0,Full access,0,0
Australia,East Asia & Pacific,2020,5,25499.88086,86.24099731,99.96981182,100,0,0.03018817873,0,100,100,0,0,0,99.965,100,0,0.035,0,,,,,,,,,,
Austria,Europe & Central Asia,2015,,8678.666992,57.71500015,100,100,0,0,0,100,100,0,0,0,100,100,0,0,0,0,Full access,,0,Full access,,0,Full access,,0
Austria,Europe & Central Asia,2020,5,9006.400391,58.7480011,100,100,0,0,0,100,100,0,0,0,100,100,0,0,0,,,,,,,,,,
Azerbaijan,Europe & Central Asia,2015,,9622.741211,54.7140007,92.42031398,92,1.002242415,4.365089522,2.21235408,84.14321327,84,2.213139731,8.988206006,4.655440992,99.27115203,99,0,0.5386020345,0.1902459339,0.72461243,,0.72461243,1.356516936,,1.356516936,0.145769594,,0.145769594,1.210747342
Azerbaijan,Europe & Central Asia,2020,5,10139.1748,56.39700317,96.04337613,96,1.04278118,2.913842688,0,90.92579795,91,2.391535671,6.682666377,0,100,100,0,0,0,,,,,,,,,,
Bahamas,Latin America & Caribbean,2015,,374.2000122,82.74599457,98.8869605,99,0,1.113039503,0,null,null,null,null,null,null,null,null,null,null,0,,0,Null,,,Null,,,
Bahamas,Latin America & Caribbean,2019,4,389.4859924,83.13199615,98.8869605,99,0,1.113039503,0,null,null,null,null,null,null,null,null,null,null,,,,,,,,,,
Bahrain,Europe & Central Asia,2015,,1371.853027,88.99899292,100,100,0,0,0,null,null,null,null,null,null,null,null,null,null,0,Full access,,Null,,,Null,,,
Bahrain,Europe & Central Asia,2020,5,1701.583008,89.50600433,100,100,0,0,0,null,null,null,null,null,null,null,null,null,null,,,,,,,,,,
Bangladesh,South Asia,2015,,156256.2813,34.30800247,97.10160247,97,1.087988961,0.7215616582,1.08884691,96.77301128,97,1.046214162,0.7317473217,1.449027237,97.73077968,98,1.167978177,0.702058435,0.3991837074,0.119271556,,0.119271556,0.221445296,,0.221445296,-0.065600342,,-0.065600342,0.287045638
Bangladesh,South Asia,2020,5,164689.3906,38.17700195,97.69796025,98,1.156425878,0.4626557002,0.6829581735,97.88023776,98,0.8581049804,0.3164802414,0.9451770151,97.40277797,97,1.639520121,0.6993752147,0.2583266934,,,,,,,,,,
Barbados,Latin America & Caribbean,2015,,285.3269958,31.24899864,98.47444474,98,0.2674919064,1.258063351,0,null,null,null,null,null,null,null,null,null,null,0.008001136,,0.008001136,Null,,,Null,,,
Barbados,Latin America & Caribbean,2020,5,287.3710022,31.19099998,98.51445042,99,0.2676005761,1.217949005,0,null,null,null,null,null,null,null,null,null,null,,,,,,,,,,
Belarus,Europe & Central Asia,2015,,9439.423828,77.18099976,96.47706709,96,3.300130108,0.2228027995,0,98.3306716,98,0.9932391071,0.6760892895,0,95.92903518,96,3.982175393,0.08878942383,0,0.011531798,,0.011531798,0.046690142,,0.046690142,0.016367688,,0.016367688,0.030322454
Belarus,Europe & Central Asia,2020,5,9449.321289,79.48300171,96.53472608,97,3.37211955,0.09315436837,0,98.56412231,99,0.9955971951,0.4402804931,0,96.01087362,96,3.985572644,0.003553731977,0,,,,,,,,,,
Belgium,Europe & Central Asia,2015,,11287.93066,97.87599945,99.9999977,100,0,0.000002298024512,0,100,100,0,0,0,100,100,0,0,0,-0.0000002499999994,Full access,-0.0000002499999994,0,Full access,,0,Full access,,0
Belgium,Europe & Central Asia,2020,5,11589.61621,98.07899475,99.99999645,100,0,0.000003554796791,0,100,100,0,0,0,100,100,0,0,0,,,,,,,,,,
Belize,Latin America & Caribbean,2015,,360.9259949,45.40599823,97.17559498,97,1.227940493,1.568222535,0.02824198817,95.65383206,96,1.421919005,2.872517994,0.05173093576,99.00529,99,0.99471,0,0,0.24527193,,0.24527193,0.468275104,,0.468275104,-0.025266,,-0.025266,0.493541104
Belize,Latin America & Caribbean,2020,5,397.6210022,46.02500153,98.40195463,98,1.249110629,0.3489347411,0,97.99520758,98,1.358317682,0.6464747393,0,98.87896,99,1.12104,0,0,,,,,,,,,,
Benin,Sub-Saharan Africa,2015,,10575.96191,45.69500351,64.7868223,65,8.715470654,21.29846434,5.199242713,56.78435247,57,11.70337067,23.77497857,7.737298286,74.29714256,74,5.164581154,18.35531753,2.182958756,0.125460138,,0.125460138,0.253583104,,0.253583104,-0.207828504,,-0.207828504,0.461411608
Benin,Sub-Saharan Africa,2020,5,12123.19824,48.4149971,65.41412299,65,9.317535586,21.97254088,3.295800547,58.05226799,58,12.70520504,23.97796833,5.264558634,73.25800004,73,5.708056353,19.83580681,1.198136794,,,,,,,,,,
Bermuda,North America,2015,,63.69499969,100,99.90314002,100,0,0.09685998294,0,null,null,null,null,null,99.90314002,100,0,0.09685998294,0,0,Full access,0,Null,,,0,Full access,0,
Bermuda,North America,2020,5,62.27299881,100,99.90314002,100,0,0.09685998294,0,null,null,null,null,null,99.90314002,100,0,0.09685998294,0,,,,,,,,,,
Bhutan,South Asia,2015,,727.8850098,38.6780014,96.22142259,96,2.496596292,0.2961873751,0.9857937377,95.16436295,95,3.215858941,0.1935987005,1.426179411,97.89733678,98,1.356242032,0.4588364885,0.2875847035,0.218360008,,0.218360008,0.31336614,,0.31336614,0.041858342,,0.041858342,0.271507798
Bhutan,South Asia,2020,5,771.6119995,42.31599808,97.31322263,97,2.460712607,0.1764242183,0.04964054142,96.73119365,97,3.268806351,0,0,98.10662849,98,1.3591415,0.4169208475,0.1173091586,,,,,,,,,,
Bolivia (Plurinational State of),Latin America & Caribbean,2015,,10869.73242,68.39299774,90.46214101,90,0.1728983981,2.832457169,6.532503425,73.7401802,74,0.3399687838,5.911800536,20.00805048,98.18999708,98,0.0956888341,1.40937247,0.304941615,0.585586124,,0.585586124,1.239292526,,1.239292526,0.186424248,,0.186424248,1.052868278
Bolivia (Plurinational State of),Latin America & Caribbean,2020,5,11673.0293,70.1230011,93.39007163,93,0.1365905296,1.575010843,4.898326997,79.93664283,80,0.2447364082,3.954133693,15.86448707,99.12211832,99,0.09051328947,0.5613453808,0.2260230112,,,,,,,,,,
Bosnia and Herzegovina,Europe & Central Asia,2015,,3429.362061,47.17299652,96.15984418,96,3.780069975,0.06008584857,0,97.33333333,97,2.666666667,0,0,94.8457044,95,5.026922206,0.1273733928,0,-0.009189312,,-0.009189312,0,,0,0,,0,0
Bosnia and Herzegovina,Europe & Central Asia,2020,5,3280.814941,49.02000046,96.11389762,96,3.823663938,0.06243843752,0,97.33333333,97,2.666666667,0,0,94.8457044,95,5.026922206,0.1273733928,0,,,,,,,,,,
Botswana,Sub-Saharan Africa,2015,,2120.716064,67.15499878,88.44628953,88,8.41061416,1.578349601,1.564746708,71.89253383,72,21.78932755,1.854197906,4.463940709,96.54260258,97,1.867186166,1.443438497,0.1467727616,0.753454708,,0.753454708,1.430238006,,1.430238006,0.2164756,,0.2164756,1.213762406
Botswana,Sub-Saharan Africa,2020,5,2351.625,70.8769989,92.21356307,92,4.72303897,1.732526476,1.330871481,79.04372386,79,15.15494718,1.596119156,4.20520981,97.62498058,98,0.4366200322,1.788579159,0.1498202281,,,,,,,,,,
Brazil,Latin America & Caribbean,2015,,204471.7656,85.77000427,97.80356759,98,0.5795000229,0.4749657091,1.141966676,88.75602818,89,2.853773578,0.3651342381,8.025064008,99.30463102,99,0.2021779344,0.4931910454,0,0.30345708,,0.30345708,1.43784627,,1.43784627,0.103474058,,0.103474058,1.334372212
Brazil,Latin America & Caribbean,2020,5,212559.4063,87.07299805,99.32085299,99,0.1265490039,0.5525980099,null,95.94525953,96,0.9789509154,3.075789551,null,99.82200131,100,0,0.1779986949,0,,,,,,,,,,
British Virgin Islands,Latin America & Caribbean,2015,,29.14800072,46.58300018,99.86438356,100,0,0.1356164384,0,null,null,null,null,null,null,null,null,null,null,0,Full access,0,Null,,,Null,,,
British Virgin Islands,Latin America & Caribbean,2020,5,30.23699951,48.51499939,99.86438356,100,0,0.1356164384,0,null,null,null,null,null,null,null,null,null,null,,,,,,,,,,
Brunei Darussalam,East Asia & Pacific,2015,,414.9140015,76.66299438,99.50997616,100,0,0.3966758338,0.09334800295,99.05,99,0,0.55,0.4,99.65,100,0,0.35,0,0.078012128,Full access,0.078012128,Null,,Null,0,Full access,0,
Brunei Darussalam,East Asia & Pacific,2020,5,437.4830017,78.25000763,99.9000368,100,0,0.09996320036,0,null,null,null,null,null,99.65,100,0,0.35,0,,,,,,,,,,
Bulgaria,Europe & Central Asia,2015,,7199.73877,73.98999786,99.19632731,99,0,0.8036726905,0,98.01614034,98,0,1.98385966,0,99.61120772,100,0,0.3887922761,0,-0.036982074,,-0.036982074,-0.122970474,,-0.122970474,-0.016507464,Full access,-0.016507464,-0.10646301
Bulgaria,Europe & Central Asia,2020,5,6948.444824,75.68599701,99.01141694,99,0,0.9885830607,0,97.40128797,97,0,2.598712031,0,99.5286704,100,0,0.4713296007,0,,,,,,,,,,
Burkina Faso,Sub-Saharan Africa,2015,,18110.61523,27.53000069,50.13713109,50,25.67354095,22.43017891,1.759149043,38.8551637,39,30.20218489,28.6486943,2.293957106,79.83579216,80,13.75233459,6.060553432,0.3513198178,-0.584455326,,-0.584455326,-1.22738096,,-1.22738096,0.049225276,,0.049225276,-1.276606236
Burkina Faso,Sub-Saharan Africa,2020,5,20903.27734,30.60700035,47.21485446,47,31.2730034,21.15863263,0.3535095024,32.7182589,33,38.62690254,28.3404457,0.3143928626,80.08191854,80,14.60004919,4.875836487,0.4421957805,,,,,,,,,,
Burundi,Sub-Saharan Africa,2015,,10160.03418,12.07800007,59.58146925,60,19.53889184,14.86499258,6.01464634,55.55826691,56,21.16679557,16.59414457,6.680792951,88.86843759,89,7.688539534,2.277601866,1.165421012,0.5251306,,0.5251306,0.425499672,,0.425499672,0.360134654,,0.360134654,0.065365018
Burundi,Sub-Saharan Africa,2020,5,11890.78125,13.70800018,62.20712225,62,19.43969314,14.75825969,3.594924913,57.68576527,58,21.25148213,16.89675238,4.166000219,90.66911086,91,8.034462869,1.296426269,0,,,,,,,,,,
Cabo Verde,Sub-Saharan Africa,2015,,524.7399902,64.29999542,85.44334237,85,10.25307762,4.151948319,0.1516316911,72.83231411,73,16.37979458,10.43676077,0.3511305397,92.44511451,92,6.851463911,0.6625536281,0.0408679538,0.66525281,,0.66525281,1.456442266,,1.456442266,0.130977098,,0.130977098,1.325465168
Cabo Verde,Sub-Saharan Africa,2020,5,555.9879761,66.65200043,88.76960642,89,7.904150846,3.209147716,0.1170950144,80.11452544,80,9.911127022,9.623217003,0.3511305397,93.1,93,6.9,0,0,,,,,,,,,,
Cambodia,East Asia & Pacific,2015,,15521.43457,22.18799973,68.44384896,68,8.603248193,9.602994817,13.34990803,62.71111668,63,9.432045638,11.75089596,16.10594172,88.54819144,89,5.696703472,2.070445687,3.6846594,0.555207202,,0.555207202,0.47120783,,0.47120783,0.381977146,,0.381977146,0.089230684
Cambodia,East Asia & Pacific,2020,5,16718.9707,24.23200035,71.21988497,71,13.90222204,5.677218558,9.200674434,65.06715583,65,15.51772278,7.492899307,11.92222209,90.45807717,90,8.85091472,0,0.6910081144,,,,,,,,,,
Cameroon,Sub-Saharan Africa,2015,,23298.37695,54.57799911,63.97399012,64,11.23827056,17.65135833,7.136380984,42.00566921,42,11.07338641,32.39404459,14.52689979,82.25690791,82,11.37549377,5.381903513,0.9856948028,0.349285612,,0.349285612,0.304382382,,0.304382382,-0.03466461,,-0.03466461,0.339046992
Cameroon,Sub-Saharan Africa,2020,5,26545.86328,57.56000519,65.72041818,66,12.87474863,15.00100626,6.403826927,43.52758112,44,12.67259943,30.12380645,13.676013,82.08358486,82,13.02379677,3.850701351,1.041917019,,,,,,,,,,
Canada,North America,2015,,36026.66797,81.25900269,99.22922139,99,0,0.7707786091,0,98.81619508,99,0,1.183804922,0,99.32447885,99,0,0.6755211473,0,-0.001482146,,-0.001482146,0.048860164,,0.048860164,-0.013240238,,-0.013240238,0.062100402
Canada,North America,2020,5,37742.15625,81.56200409,99.22181066,99,0,0.7781893369,0,99.0604959,99,0,0.9395041006,0,99.25827766,99,0,0.7417223371,0,,,,,,,,,,
Cayman Islands,Latin America & Caribbean,2015,,61.72100067,100,96.125,96,0,3.875,0,null,null,null,null,null,96.125,96,0,3.875,0,0,,0,Null,,,0,,0,
Cayman Islands,Latin America & Caribbean,2016,1,62.56399918,100,96.125,96,0,3.875,0,null,null,null,null,null,96.125,96,0,3.875,0,,,,,,,,,,
Central African Republic,Sub-Saharan Africa,2015,,4493.170898,40.27700043,42.31134542,42,21.34399718,32.01017408,4.334483318,31.89140779,32,17.35785358,43.70260925,7.048129392,57.76209901,58,27.25467806,14.67255123,0.310671709,-1.021788674,,-1.021788674,-0.756962728,,-0.756962728,-1.620086812,,-1.620086812,0.863124084
Central African Republic,Sub-Saharan Africa,2020,5,4829.76416,42.19799805,37.20240205,37,25.68237348,33.53911377,3.576110708,28.10659415,28,19.4058899,46.37307301,6.114442944,49.66166495,50,34.27978009,15.95940214,0.09915281712,,,,,,,,,,
Chad,Sub-Saharan Africa,2015,,14110.9707,22.5150013,44.39909697,44,13.51638311,34.70273994,7.381779982,35.57890074,36,13.87641398,41.26615647,9.278528806,74.75365178,75,12.27734182,12.11485643,0.8541499715,0.357687564,,0.357687564,0.399262902,,0.399262902,-0.112285738,,-0.112285738,0.51154864
Chad,Sub-Saharan Africa,2020,5,16425.85938,23.52000046,46.18753479,46,14.74028929,31.56245714,7.509718784,37.57521525,38,14.35396111,38.52496761,9.545856027,74.19222309,74,15.99651381,8.922452721,0.8888103843,,,,,,,,,,
Channel Islands,Europe & Central Asia,2015,,165.3869934,30.96199799,94.15,94,0,5.85,0,null,null,null,null,null,null,null,null,null,null,0,,0,Null,,,Null,,,
Channel Islands,Europe & Central Asia,2017,2,168.6660004,30.91399956,94.15,94,0,5.85,0,null,null,null,null,null,null,null,null,null,null,,,,,,,,,,
Chile,Latin America & Caribbean,2015,,17969.35547,87.36000061,99.50649272,100,0,0.4935072758,0,97.0676985,97,0,2.932301498,0,99.85935698,100,0,0.1406430186,0,0.0987012,Full access,0.0987012,0.5864603,,0.5864603,0.028128604,Full access,0.028128604,0.558331696
Chile,Latin America & Caribbean,2020,5,19116.20898,87.72699738,99.99999872,100,0,0.000001277139333,0,100,100,0,0,0,100,100,0,0,0,,,,,,,,,,
China,East Asia & Pacific,2015,,1430405.375,55.85270691,91.76264123,92,0.8187626618,6.782077407,0.6365187008,84.47918792,84,1.51186307,12.95294901,1.056,97.51965397,98,0.2709198039,1.90447541,0.3049508197,0.499693872,,0.499693872,1.036409118,,1.036409118,-0.08095426,,-0.08095426,1.117363378
China,East Asia & Pacific,2020,5,1463140.5,61.71308899,94.26111059,94,0.8147213297,4.725451938,0.1987161441,89.66123351,90,1.832679086,8.506087409,0,97.11488267,97,0.1831784927,2.37993884,0.322,,,,,,,,,,
"China, Hong Kong SAR",East Asia & Pacific,2015,,7185.992188,100,100,100,0,0,0,null,null,null,null,null,100,100,0,0,0,0,Full access,,Null,,,0,Full access,,
"China, Hong Kong SAR",East Asia & Pacific,2020,5,7496.987793,100,100,100,0,0,0,null,null,null,null,null,100,100,0,0,0,,,,,,,,,,
"China, Macao SAR",East Asia & Pacific,2015,,602.0930176,100,100,100,0,0,0,null,null,null,null,null,100,100,0,0,0,0,Full access,,Null,,,0,Full access,,
"China, Macao SAR",East Asia & Pacific,2020,5,649.34198,100,100,100,0,0,0,null,null,null,null,null,100,100,0,0,0,,,,,,,,,,
Colombia,Latin America & Caribbean,2015,,47520.66797,79.76399994,96.33586812,96,0.1840519904,1.703445062,1.776634827,83.27372585,83,0.6876656261,7.259032355,8.779576172,99.64971237,100,0.05628603022,0.2940016029,0,0.231157798,,0.231157798,0.698669394,,0.698669394,0.057696086,Full access,0.057696086,0.640973308
Colombia,Latin America & Caribbean,2020,5,50882.88281,81.42499542,97.49165711,97,0.1861521591,0.9536162228,1.368574512,86.76707282,87,0.7312282016,5.13386897,7.367830005,99.9381928,100,0.0618072,0,0,,,,,,,,,,
Comoros,Sub-Saharan Africa,2015,,777.4349976,28.47000122,80.13200008,80,10.877265,8.395193432,0.5955414912,76.91172345,77,11.56864724,10.82245445,0.6971748583,88.22284558,88,9.140188495,2.29677513,0.340190797,0.0196244325,,0.0196244325,0,,0,0,,0,0
Comoros,Sub-Saharan Africa,2019,4,850.8909912,29.16400146,80.21049781,80,10.86041131,8.929090888,null,76.91172345,77,11.56864724,11.51962931,null,88.22284558,88,9.140188495,2.29677513,0.340190797,,,,,,,,,,
Congo,Sub-Saharan Africa,2015,,4856.092773,65.54299927,71.14958177,71,10.51052605,11.66204631,6.677845876,41.39183594,41,10.73957265,28.50184871,19.36674269,86.79370516,87,10.390113,2.809090742,0.00709109589,0.526985962,,0.526985962,0.866515448,,0.866515448,0.0599182,,0.0599182,0.806597248
Congo,Sub-Saharan Africa,2020,5,5518.091797,67.82900238,73.78451158,74,10.46117203,9.559180722,6.195135664,45.72441318,46,10.6323901,24.40516973,19.23802699,87.09329616,87,10.37996439,2.517789997,0.008949452055,,,,,,,,,,
Cook Islands,East Asia & Pacific,2015,,17.58099937,74.40399933,99.95367102,100,0,0.04632897629,0,null,null,null,null,null,null,null,null,null,null,0.00358784,Full access,0.00358784,Null,,,Null,,,
Cook Islands,East Asia & Pacific,2020,5,17.56399918,75.49500275,99.97161022,100,0,0.0283897827,0,null,null,null,null,null,null,null,null,null,null,,,,,,,,,,
Costa Rica,Latin America & Caribbean,2015,,4847.805176,76.86199951,99.37868682,99,0.2541303784,0.2113350186,0.1558477843,98.18603249,98,0.4100611535,0.7303485768,0.6735577778,99.73771511,100,0.2071900718,0.0550948183,0,0.086370022,,0.086370022,0.292043502,,0.292043502,0.02238755,Full access,0.02238755,0.269655952
Costa Rica,Latin America & Caribbean,2020,5,5094.11377,80.77099609,99.81053693,100,0.1894594746,0.000003594451897,0,99.64625,100,0.35375,0,0,99.84965286,100,0.1503471429,0,0,,,,,,,,,,
Côte d'Ivoire,Sub-Saharan Africa,2015,,23226.14844,49.44400024,71.0757669,71,8.767136459,14.41768054,5.739416095,55.84317172,56,13.1884673,22.63128471,8.337076273,86.65094535,87,4.246369254,6.019351236,3.083334164,-0.033339302,,-0.033339302,-0.024144972,,-0.024144972,-0.311478412,,-0.311478412,0.28733344
Côte d'Ivoire,Sub-Saharan Africa,2020,5,26378.27539,51.70599747,70.90907039,71,8.935421702,14.19244161,5.963066293,55.72244686,56,13.34316829,23.17527956,7.759105289,85.09355329,85,4.818535156,5.80236656,4.285544994,,,,,,,,,,
Croatia,Europe & Central Asia,2015,,4232.874023,56.15500259,null,null,null,null,null,null,null,null,null,null,100,100,0,0,0,Null,,,Null,,,0,Full access,,
Croatia,Europe & Central Asia,2020,5,4105.268066,57.55299759,null,null,null,null,null,null,null,null,null,null,100,100,0,0,0,,,,,,,,,,
Cuba,Latin America & Caribbean,2015,,11324.77734,76.89600372,95.87179647,96,1.750253789,1.99464,0.3833097362,90.44506066,90,3.362197131,4.747322467,1.445419738,97.50230137,98,1.2659329,1.167575187,0.06419054206,0.226179938,,0.226179938,0.788318096,,0.788318096,0.054655054,,0.054655054,0.733663042
Cuba,Latin America & Caribbean,2020,5,11326.61621,77.19400024,97.00269616,97,1.471384542,1.252811506,0.2731077963,94.38665114,94,2.591752445,1.905972935,1.115623477,97.77557664,98,1.1403859,1.059840374,0.02419708411,,,,,,,,,,
Curaçao,Latin America & Caribbean,2015,,159.8500061,89.35199738,99.49775185,99,0,0.5022481525,0,null,null,null,null,null,null,null,null,null,null,0,,0,Null,,,Null,,,
Curaçao,Latin America & Caribbean,2017,2,161.9859924,89.20300293,99.49775185,99,0,0.5022481525,0,null,null,null,null,null,null,null,null,null,null,,,,,,,,,,
Cyprus,Europe & Central Asia,2015,,1160.987061,66.94599915,99.78851757,100,0,0.2114824349,0,99.86118554,100,0,0.1388144553,0,99.75264231,100,0,0.2473576943,0,-0.004668878,Full access,-0.004668878,-0.003084764,Full access,-0.003084764,-0.005496838,Full access,-0.005496838,0.002412074
Cyprus,Europe & Central Asia,2020,5,1207.360962,66.82099915,99.76517318,100,0,0.2348268167,0,99.84576172,100,0,0.1542382836,0,99.72515812,100,0,0.2748418825,0,,,,,,,,,,
Czech Republic,Europe & Central Asia,2015,,10601.38965,73.47699738,99.88009269,100,0,0.1199073119,0,99.8175993,100,0,0.1824006965,0,99.90265093,100,0,0.0973490679,0,0.000099796,Full access,0.000099796,0,Full access,0,0,Full access,0,0
Czech Republic,Europe & Central Asia,2020,5,10708.98242,74.06100464,99.88059167,100,0,0.1194083325,0,99.8175993,100,0,0.1824006965,0,99.90265093,100,0,0.0973490679,0,,,,,,,,,,
Democratic People's Republic of Korea,East Asia & Pacific,2015,,25183.83203,61.27700424,95.21488171,95,0.6850023901,3.829054918,0.2710609803,91.61696842,92,0.3679396322,7.315091944,0.7,97.48852402,97,0.8853650012,1.626110978,0,-0.274207736,,-0.274207736,-0.572668708,,-0.572668708,-0.115002716,,-0.115002716,-0.457665992
Democratic People's Republic of Korea,East Asia & Pacific,2020,5,25778.81445,62.38100052,93.84384303,94,0.6831311872,5.20969278,0.2633330058,88.75362488,89,0.3564402606,10.18993486,0.7,96.91351044,97,0.8801428799,2.206346677,0,,,,,,,,,,
Democratic Republic of the Congo,Sub-Saharan Africa,2015,,76244.53125,42.73999786,42.71817997,43,12.68729907,34.28402477,10.31049619,20.6225138,21,11.51689397,51.00984003,16.8507522,72.32037779,72,14.25532498,11.87596826,1.548328967,0.646789398,,0.646789398,0.272055708,,0.272055708,0.436595398,,0.436595398,-0.16453969
Democratic Republic of the Congo,Sub-Saharan Africa,2020,5,89561.40625,45.63800049,45.95212696,46,13.44122447,32.54231607,8.064332495,21.98279234,22,12.68294146,51.21598167,14.11828453,74.50335478,75,14.34445818,10.29905862,0.8531284131,,,,,,,,,,
Denmark,Europe & Central Asia,2015,,5688.694824,87.52600098,99.99999785,100,0,0.000002145840412,0,100,100,0,0,0,100,100,0,0,0,0.0000006500000012,Full access,0.0000006500000012,0,Full access,,0,Full access,,0
Denmark,Europe & Central Asia,2020,5,5792.203125,88.11600494,100.0000011,100,0,0,0,100,100,0,0,0,100,100,0,0,0,,,,,,,,,,
Djibouti,Sub-Saharan Africa,2015,,913.9979858,77.41699219,75.78704503,76,14.75417119,7.39492395,2.063859825,48.75920509,49,12.43877762,30.37700254,8.425014754,83.67122985,84,15.42958572,0.6909116479,0.2082727854,0.052575036,,0.052575036,-0.295694432,,-0.295694432,0.092757016,,0.092757016,-0.388451448
Djibouti,Sub-Saharan Africa,2020,5,988.0020142,78.06199646,76.04992021,76,14.7574817,7.015876051,2.176722038,47.28073293,47,12.06161014,30.73550468,9.922152249,84.13501493,84,15.51511107,0.3498740029,0,,,,,,,,,,
Dominica,Latin America & Caribbean,2015,,71.17500305,69.57899475,95.42065606,95,0,4.579343937,0,null,null,null,null,null,null,null,null,null,null,0,,0,Null,,,Null,,,
Dominica,Latin America & Caribbean,2017,2,71.45999908,70.18099976,95.42065606,95,0,4.579343937,0,null,null,null,null,null,null,null,null,null,null,,,,,,,,,,
Dominican Republic,Latin America & Caribbean,2015,,10281.6748,78.56600189,96.0993385,96,0.6952122155,1.550594498,1.654854791,89.21104378,89,1.822877161,2.441888623,6.52419044,97.97856981,98,0.3875681084,1.307435937,0.3264261435,0.117494684,,0.117494684,0.218684118,,0.218684118,0.011664354,,0.011664354,0.207019764
Dominican Republic,Latin America & Caribbean,2020,5,10847.9043,82.54000092,96.68681192,97,0.4670386504,1.269428783,1.576720644,90.30446437,90,1.385315508,1.115118127,7.195101991,98.03689158,98,0.2727920359,1.302073396,0.3882429922,,,,,,,,,,
Ecuador,Latin America & Caribbean,2015,,16212.02246,63.39799881,93.0637795,93,0.1997601763,3.119565114,3.616895212,82.55248195,83,0.445629255,7.379055031,9.62283376,99.1323392,99,0.0578108902,0.6604045069,0.1494454068,0.459196812,,0.459196812,0.8996526,,0.8996526,0.17353216,,0.17353216,0.72612044
Ecuador,Latin America & Caribbean,2020,5,17643.06055,64.16600037,95.35976356,95,0.003451463449,2.604485389,2.032299589,87.05074495,87,0.009631811022,7.26819549,5.671427747,100,100,0,0,0,,,,,,,,,,
Egypt,Middle East & North Africa,2015,,92442.54688,42.78499985,99.10671754,99,0.2863725401,0.5934398293,0.01347009398,98.80187792,99,0.4103462964,0.7642328381,0.02354294118,99.51436973,100,0.1205864308,0.3650438422,0,0.066691684,,0.066691684,0.106191446,,0.106191446,0.013872274,Full access,0.013872274,0.092319172
Egypt,Middle East & North Africa,2020,5,102334.4063,42.78300095,99.44017596,99,0.2376091086,0.3222149265,0,99.33283515,99,0.3359418224,0.3312230319,0,99.5837311,100,0.1061012067,0.3101676943,0,,,,,,,,,,
El Salvador,Latin America & Caribbean,2015,,6325.121094,69.69999695,95.56213774,96,0.580479777,1.161950545,2.695431942,87.96121432,88,1.734743718,2.481033956,7.823008005,98.86641785,99,0.07869797757,0.5885128896,0.4663712861,0.476887534,,0.476887534,1.098636152,,1.098636152,0.140890432,,0.140890432,0.95774572
El Salvador,Latin America & Caribbean,2020,5,6486.201172,73.44400024,97.94657541,98,0.2072632319,0.3151739969,1.530987366,93.45439508,93,0.7804762049,0,5.765128712,99.57087001,100,0,0.4291299944,0,,,,,,,,,,
Equatorial Guinea,Sub-Saharan Africa,2015,,1168.574951,70.61600494,64.17860165,64,2.934933836,26.32879888,6.557665631,30.77536932,31,1.353579774,46.28605636,21.58499455,78.07800598,78,3.592950383,18.02439455,0.3046490909,0.243607205,,0.243607205,0,,0,0,,0,0
Equatorial Guinea,Sub-Saharan Africa,2017,2,1262.008057,71.64599609,64.66581606,65,2.957999225,26.03770633,6.338478386,30.77536932,31,1.353579774,46.28605636,21.58499455,78.07800598,78,3.592950383,18.02439455,0.3046490909,,,,,,,,,,
Eritrea,Sub-Saharan Africa,2015,,3342.818115,38.20600128,51.46509353,51,17.70763334,13.55609825,17.27117488,27.80157647,28,24.49842353,20.075,27.625,89.73822453,90,6.724275474,3.0125,0.525,0.38462665,,0.38462665,0,,0,0,,0,0
Eritrea,Sub-Saharan Africa,2016,1,3376.558105,38.82699966,51.84972018,52,17.59725585,13.45014014,17.10288384,27.80157647,28,24.49842353,20.075,27.625,89.73822453,90,6.724275474,3.0125,0.525,,,,,,,,,,
Estonia,Europe & Central Asia,2015,,1315.329956,68.41600037,99.75130757,100,0,0.2486924289,0,99.24411581,99,0,0.7558841903,0,99.98545421,100,0,0.01454579307,0,-0.032105158,Full access,-0.032105158,Null,,Null,0,Full access,0,
Estonia,Europe & Central Asia,2020,5,1326.53894,69.22900391,99.59078178,100,0,0.4092182232,0,null,null,null,null,null,99.98545421,100,0,0.01454579307,0,,,,,,,,,,
Eswatini,Sub-Saharan Africa,2015,,1104.037964,23.29999924,66.70395522,67,8.767617333,10.89011026,13.63831719,58.1249849,58,11.1820493,13.43987898,17.25308683,94.94460013,95,0.8196803222,2.496665561,1.73905399,0.809823146,,0.809823146,0.868292768,,0.868292768,0.361032584,,0.361032584,0.507260184
Eswatini,Sub-Saharan Africa,2020,5,1160.16394,24.17100143,70.75307095,71,9.507067163,9.835567931,9.904293959,62.46644874,62,12.29969513,12.45046093,12.78339519,96.74976305,97,0.7460644731,1.632164244,0.8720082294,,,,,,,,,,
Ethiopia,Sub-Saharan Africa,2015,,100835.4531,19.4280014,42.0700672,42,21.73879027,24.47785615,11.71328639,32.45176743,32,23.5985521,29.78155581,14.16812467,81.95917654,82,14.02596733,2.482299691,1.532556439,1.509101108,,1.509101108,1.515674352,,1.515674352,0.450730324,,0.450730324,1.064944028
Ethiopia,Sub-Saharan Africa,2020,5,114963.5859,21.69499969,49.61557274,50,26.74071964,18.63506013,5.008647486,40.03013919,40,30.18668334,23.49561327,6.287564203,84.21282816,84,14.30300858,1.091582355,0.392580896,,,,,,,,,,
Faeroe Islands,Europe & Central Asia,2015,,48.05500031,41.63799667,100,100,0,0,0,null,null,null,null,null,null,null,null,null,null,0,Full access,,Null,,,Null,,,
Faeroe Islands,Europe & Central Asia,2020,5,48.86500168,42.39799881,100,100,0,0,0,null,null,null,null,null,null,null,null,null,null,,,,,,,,,,
Falkland Islands (Malvinas),Latin America & Caribbean,2015,,2.835999966,76.26800537,94.82000666,95,0,5.179993343,0,78.17294282,78,0,21.82705718,0,100,100,0,0,0,0.097784148,,0.097784148,0,,0,0,Full access,,0
Falkland Islands (Malvinas),Latin America & Caribbean,2020,5,3.48300004,78.50799561,95.3089274,95,0,4.691072596,0,78.17294282,78,0,21.82705718,0,100,100,0,0,0,,,,,,,,,,
Fiji,East Asia & Pacific,2015,,868.632019,54.72599792,94.26255867,94,0,3.419365936,2.318075395,89.37852739,89,0,5.829467811,4.792004795,98.30304467,98,0,1.425524712,0.2714306142,0.007701314,,0.007701314,-0.058100668,,-0.058100668,-0.021760122,,-0.021760122,-0.036340546
Fiji,East Asia & Pacific,2020,5,896.4439697,57.24700546,94.30106524,94,0,3.318602766,2.380331999,89.08802405,89,0,5.759897938,5.152078012,98.19424406,98,0,1.495409344,0.3103465922,,,,,,,,,,
Finland,Europe & Central Asia,2015,,5481.12793,85.22499847,99.99999666,100,0,0.00000334065308,0,100,100,0,0,0,100,100,0,0,0,0.000001328000002,Full access,0.000001328000002,0,Full access,,0,Full access,,0
Finland,Europe & Central Asia,2020,5,5540.717773,85.51700592,100.0000033,100,0,0,0,100,100,0,0,0,100,100,0,0,0,,,,,,,,,,
France,Europe & Central Asia,2015,,64453.19531,79.65499878,100,100,0,0,0,100,100,0,0,0,100,100,0,0,0,-0.0000002999999992,Full access,,0,Full access,,0,Full access,,0
France,Europe & Central Asia,2020,5,65273.51172,80.97499847,99.9999985,100,0,0.00000149610841,0,100,100,0,0,0,100,100,0,0,0,,,,,,,,,,
French Guiana,Latin America & Caribbean,2015,,261.0079956,84.48200226,93.56205657,94,0,6.437943425,0,null,null,null,null,null,null,null,null,null,null,0.044031956,,0.044031956,Null,,,Null,,,
French Guiana,Latin America & Caribbean,2020,5,298.6820068,85.81999969,93.78221635,94,0,6.217783652,0,null,null,null,null,null,null,null,null,null,null,,,,,,,,,,
French Polynesia,East Asia & Pacific,2015,,273.118988,61.68300247,100,100,0,0,0,null,null,null,null,null,null,null,null,null,null,0,Full access,,Null,,,Null,,,
French Polynesia,East Asia & Pacific,2020,5,280.9039917,61.97500229,100,100,0,0,0,null,null,null,null,null,null,null,null,null,null,,,,,,,,,,
Gabon,Sub-Saharan Africa,2015,,1947.689941,88.11799622,83.85848655,84,7.722430434,4.92418211,3.494900901,43.39003316,43,10.19264777,21.81093263,24.60638644,89.31533187,89,7.389341617,2.647139145,0.6481873668,0.29668881,,0.29668881,0.27117117,,0.27117117,0.09824146,,0.09824146,0.17292971
Gabon,Sub-Saharan Africa,2020,5,2225.728027,90.09200287,85.3419306,85,7.735263103,6.922808357,null,44.74588901,45,10.51114859,44.7429624,null,89.80653917,90,7.42998076,2.763480072,null,,,,,,,,,,
Gambia,Sub-Saharan Africa,2015,,2085.860107,59.22800064,79.2101665,79,9.073370006,11.62401462,0.09244887038,68.25489257,68,15.34008454,16.32238996,0.08263292471,86.75167126,87,4.759421567,8.389701102,0.0992060715,0.346048128,,0.346048128,0.186726128,,0.186726128,0.243046602,,0.243046602,-0.056320474
Gambia,Sub-Saharan Africa,2020,5,2416.664063,62.58199692,80.94040714,81,8.597391391,10.35285207,0.1093493927,69.18852321,69,16.49783239,14.24376547,0.0698789368,87.96690427,88,3.873689522,8.026457278,0.1329489253,,,,,,,,,,
Georgia,Europe & Central Asia,2015,,4024.179932,57.44799805,95.75472951,96,0.9519645583,3.239894931,0.0534109954,91.29515059,91,1.893756292,6.700216388,0.1108767321,99.05796545,99,0.2543750856,0.6768136054,0.01084585945,0.318682038,,0.318682038,0.595346722,,0.595346722,0.077637698,,0.077637698,0.517709024
Georgia,Europe & Central Asia,2020,5,3989.175049,59.4529953,97.3481397,97,0,2.632761379,0.01909892327,94.2718842,94,0,5.703923618,0.02419218345,99.44615394,99,0,0.538220742,0.01562531586,,,,,,,,,,
Germany,Europe & Central Asia,2015,,81787.41406,77.20000458,100.0000024,100,0,0,0,100,100,0,0,0,100,100,0,0,0,-0.00000001999999881,Full access,,0,Full access,,0,Full access,,0
Germany,Europe & Central Asia,2020,5,83783.94531,77.45300293,100.0000023,100,0,0,0,100,100,0,0,0,100,100,0,0,0,,,,,,,,,,
Ghana,Sub-Saharan Africa,2015,,27849.20313,54.08599854,80.15796123,80,7.89759919,4.426643676,7.517795899,67.20830477,67,11.1534648,6.335259242,15.30297119,91.15101984,91,5.133670929,2.806405888,0.9089033445,1.126607084,,1.126607084,0.936889056,,0.936889056,0.995247936,,0.995247936,-0.05835888
Ghana,Sub-Saharan Africa,2020,5,31072.94531,57.34899902,85.79099665,86,6.586062113,2.812216176,4.810725058,71.89275005,72,11.93454827,4.999356483,11.17334519,96.12725952,96,2.608342455,1.185613803,0.07878421819,,,,,,,,,,
Gibraltar,Europe & Central Asia,2015,,33.74200058,100,100,100,0,0,0,null,null,null,null,null,100,100,0,0,0,0,Full access,,Null,,,0,Full access,,
Gibraltar,Europe & Central Asia,2020,5,33.69100189,100,100,100,0,0,0,null,null,null,null,null,100,100,0,0,0,,,,,,,,,,
Greece,Europe & Central Asia,2015,,10659.7373,78.04600525,100.0000046,100,0,0,0,100,100,0,0,0,100,100,0,0,0,-0.0000004599999983,Full access,,0,Full access,,0,Full access,,0
Greece,Europe & Central Asia,2020,5,10423.05566,79.71500397,100.0000023,100,0,0,0,100,100,0,0,0,100,100,0,0,0,,,,,,,,,,
Greenland,North America,2015,,56.37799835,86.07099915,100,100,0,0,0,100,100,0,0,0,100,100,0,0,0,0.0000003399999997,Full access,,0,Full access,,0,Full access,,0
Greenland,North America,2020,5,56.77199936,87.28200531,100.0000017,100,0,0,0,100,100,0,0,0,100,100,0,0,0,,,,,,,,,,
Grenada,Latin America & Caribbean,2015,,109.6029968,35.99700165,95.62865044,96,1.161481584,0,3.209867972,null,null,null,null,null,null,null,null,null,null,0,,0,Null,,,Null,,,
Grenada,Latin America & Caribbean,2017,2,110.8740005,36.16400146,95.62865044,96,1.161481584,0,3.209867972,null,null,null,null,null,null,null,null,null,null,,,,,,,,,,
Guadeloupe,Latin America & Caribbean,2015,,400.2600098,98.44300079,99.61102813,100,0,0.3889718724,0,null,null,null,null,null,null,null,null,null,null,0.038419582,Full access,0.038419582,Null,,,Null,,,
Guadeloupe,Latin America & Caribbean,2020,5,400.1270142,98.49899292,99.80312604,100,0,0.1968739613,0,null,null,null,null,null,null,null,null,null,null,,,,,,,,,,
Guam,East Asia & Pacific,2015,,161.8509979,94.53399658,99.6952,100,0,0.3048,0,null,null,null,null,null,null,null,null,null,null,0,Full access,0,Null,,,Null,,,
Guam,East Asia & Pacific,2020,5,168.7830048,94.93800354,99.6952,100,0,0.3048,0,null,null,null,null,null,null,null,null,null,null,,,,,,,,,,
Guatemala,Latin America & Caribbean,2015,,16252.4248,49.97100067,92.13403385,92,0.9684517485,4.765261087,2.132253313,87.24275618,87,1.650901287,7.052091828,4.054250709,97.03098891,97,0.2852100796,2.475775984,0.2080250227,0.374478884,,0.374478884,0.575314724,,0.575314724,0.117436106,,0.117436106,0.457878618
Guatemala,Latin America & Caribbean,2020,5,17915.56641,51.83599854,94.00642827,94,1.034150511,3.215911815,1.743509404,90.1193298,90,1.849169999,4.583438691,3.448061508,97.61816944,98,0.2768660057,1.94525887,0.1597056849,,,,,,,,,,
Guinea,Sub-Saharan Africa,2015,,11432.0957,35.14099884,63.61538954,64,16.09025603,9.757980444,10.53637399,51.94915534,52,18.76062978,13.30971721,15.98049768,85.14750769,85,11.16160263,3.202620418,0.4882692651,0.06927984,,0.06927984,-0.24019527,,-0.24019527,0.286836476,,0.286836476,-0.527031746
Guinea,Sub-Saharan Africa,2020,5,13132.79199,36.875,63.96178874,64,21.2815915,6.296119406,8.460500354,50.74817899,51,26.14432944,9.704719143,13.40277243,86.58169007,87,12.95724153,0.461068398,0,,,,,,,,,,
Guinea-Bissau,Sub-Saharan Africa,2015,,1737.207031,42.12299728,58.76434762,59,10.59149221,29.74437907,0.8997810926,48.42273005,48,7.566280361,42.58264827,1.428341318,72.97373122,73,14.7481336,12.10459589,0.173539289,0.050512918,,0.050512918,0.28183505,,0.28183505,-0.471876662,,-0.471876662,0.753711712
Guinea-Bissau,Sub-Saharan Africa,2020,5,1967.998047,44.19599915,59.01691221,59,14.03457137,26.6263769,0.3221395192,49.8319053,50,9.285773026,40.31645129,0.5658703845,70.61434791,71,20.03063358,9.340625284,0.01439322693,,,,,,,,,,
Guyana,Latin America & Caribbean,2015,,767.4329834,26.44099808,95.16185695,95,1.233247953,1.344803287,2.260091808,93.42276971,93,1.676542504,1.82819943,3.072488358,100,100,0,0,0,0.07858998,,0.07858998,0.101144158,,0.101144158,0,Full access,,0.101144158
Guyana,Latin America & Caribbean,2020,5,786.559021,26.7859993,95.55480685,96,1.205244408,1.143069849,2.096878897,93.9284905,94,1.646193862,1.561274833,2.864040809,100,100,0,0,0,,,,,,,,,,
Haiti,Sub-Saharan Africa,2015,,10695.54004,52.42699814,64.56748594,65,9.21848701,25.47783945,0.7361875961,42.41641805,42,12.22889789,43.80719375,1.547490317,84.66767913,85,6.486797483,8.845523388,0,0.425564492,,0.425564492,0.08585641,,0.08585641,-0.009011568,,-0.009011568,0.094867978
Haiti,Sub-Saharan Africa,2020,5,11402.5332,57.08799744,66.6953084,67,9.814543652,23.49014795,0,42.8457001,43,13.25598695,43.89831295,0,84.62262129,85,7.227673879,8.149704835,0,,,,,,,,,,
Honduras,Latin America & Caribbean,2015,,9112.904297,55.1649971,93.25441071,93,0.4317541067,6.022156156,0.2916790284,86.43707375,86,0.7758441046,12.14597638,0.6411057671,98.79516268,99,0.152097161,1.04505549,0.00768467364,0.486962084,,0.486962084,0.68774516,,0.68774516,0.208424026,,0.208424026,0.479321134
Honduras,Latin America & Caribbean,2020,5,9904.608398,58.35899734,95.68922113,96,0.4256206085,3.885158264,0,89.87579955,90,0.8067095079,9.317490946,0,99.83728281,100,0.1537015262,0.009015663296,0,,,,,,,,,,
Hungary,Europe & Central Asia,2015,,9777.924805,70.5,99.97052896,100,0,0.0294710394,0,99.90008972,100,0,0.09991028479,0,100,100,0,0,0,0.005893702,Full access,0.005893702,0.019982056,Full access,0.019982056,0,Full access,,0.019982056
Hungary,Europe & Central Asia,2020,5,9660.349609,71.94200134,99.99999747,100,0,0.000002527244192,0,100,100,0,0,0,100,100,0,0,0,,,,,,,,,,
Iceland,Europe & Central Asia,2015,,330.2369995,93.69999695,100.0000023,100,0,0,0,100,100,0,0,0,100,100,0,0,0,-0.000001018,Full access,,0,Full access,,0,Full access,,0
Iceland,Europe & Central Asia,2020,5,341.25,93.897995,99.99999721,100,0,0.000002794650015,0,100,100,0,0,0,100,100,0,0,0,,,,,,,,,,
India,South Asia,2015,,1310152.375,32.77700043,88.13813263,88,4.692599015,6.412451552,0.7568168039,85.57200035,86,5.542133893,7.880870004,1.004995751,93.40106461,93,2.950270954,3.4008428,0.2478216409,0.47027848,,0.47027848,0.642100556,,0.642100556,0.053794338,,0.053794338,0.588306218
India,South Asia,2020,5,1380004.375,34.9260025,90.48952503,90,4.983602562,3.963153945,0.5637184626,88.78250313,89,5.902210054,4.57637573,0.7389110856,93.6700363,94,3.272056027,2.820607523,0.2373001538,,,,,,,,,,
Indonesia,East Asia & Pacific,2015,,258383.25,53.31299973,88.52735296,89,0.7941305226,8.943859564,1.734656954,80.63079119,81,0.9740457315,14.98518808,3.409975001,95.44249176,95,0.6365760478,3.653376641,0.2675555532,0.77759933,,0.77759933,1.007434238,,1.007434238,0.427604062,,0.427604062,0.579830176
Indonesia,East Asia & Pacific,2020,5,273523.625,56.64099884,92.41534961,92,0.8554746335,5.553871666,1.175304087,85.66796238,86,1.17809123,10.61491462,2.539031772,97.58051207,98,0.6085098345,1.679615139,0.1313629588,,,,,,,,,,
Iran (Islamic Republic of),South Asia,2015,,78492.21094,73.35800171,96.80698708,97,1.994891573,1.126061081,0.07206026561,92.16250265,92,4.221624781,3.345396383,0.2704761905,98.49376087,98,1.186191432,0.3200476961,0,0.13512985,,0.13512985,0.333246546,,0.333246546,0.03014517,,0.03014517,0.303101376
Iran (Islamic Republic of),South Asia,2020,5,83992.95313,75.87400055,97.48263633,97,1.938311229,0.5137973631,0.06525508185,93.82873538,94,4.297948765,1.602839669,0.2704761905,98.64448672,99,1.188006671,0.1675066077,0,,,,,,,,,,
Iraq,Middle East & North Africa,2015,,35572.26953,69.92099762,94.2475933,94,1.056676215,1.737911036,2.95781945,84.76271011,85,2.830616935,2.77640479,9.630268161,98.3278526,98,0.2935526231,1.291166071,0.0874287017,0.82246199,,0.82246199,2.013687334,,2.013687334,0.296175686,,0.296175686,1.717511648
Iraq,Middle East & North Africa,2020,5,40222.50391,70.89299774,98.35990325,98,0.8921603495,0.000002427900808,0.7479339713,94.83114678,95,2.599251339,0,2.569601877,99.80873103,100,0.19126897,0,0,,,,,,,,,,
Ireland,Europe & Central Asia,2015,,4652.419922,62.5379982,97.37212799,97,0,2.627872008,0,98.01681619,98,0,1.983183812,0,96.98594181,97,0,3.014058189,0,0.005515704,,0.005515704,0.023620912,,0.023620912,-0.001211156,,-0.001211156,0.024832068
Ireland,Europe & Central Asia,2020,5,4937.795898,63.65299988,97.39970651,97,0,2.600293485,0,98.13492075,98,0,1.865079247,0,96.97988603,97,0,3.020113966,0,,,,,,,,,,
Isle of Man,Europe & Central Asia,2015,,83.23200226,52.24499893,99.075,99,0,0.925,0,null,null,null,null,null,null,null,null,null,null,0,,0,Null,,,Null,,,
Isle of Man,Europe & Central Asia,2020,5,85.03199768,52.89800262,99.075,99,0,0.925,0,null,null,null,null,null,null,null,null,null,null,,,,,,,,,,
Israel,Europe & Central Asia,2015,,7978.496094,92.17900085,100.0000015,100,0,0,0,100,100,0,0,0,100,100,0,0,0,-0.0000002999999992,Full access,,0,Full access,,0,Full access,,0
Israel,Europe & Central Asia,2020,5,8655.541016,92.58699799,100,100,0,0,0,100,100,0,0,0,100,100,0,0,0,,,,,,,,,,
Italy,Europe & Central Asia,2015,,60578.48828,69.56500244,99.91703407,100,0,0.08296592591,0,null,null,null,null,null,null,null,null,null,null,0,Full access,0,Null,,,Null,,,
Italy,Europe & Central Asia,2020,5,60461.82813,71.03899384,99.91703407,100,0,0.08296592591,0,null,null,null,null,null,null,null,null,null,null,,,,,,,,,,
Jamaica,Latin America & Caribbean,2015,,2891.023926,54.833004,90.41679629,90,5.407336603,2.169821217,2.006045893,84.5007099,85,8.401335753,3.055395678,4.042558671,95.28999024,95,2.941122015,1.440356529,0.3285312153,0.122629642,,0.122629642,0.179840452,,0.179840452,0.021605134,,0.021605134,0.158235318
Jamaica,Latin America & Caribbean,2020,5,2961.160889,56.31100082,91.0299445,91,5.367570914,1.864010203,1.738474379,85.39991216,85,8.490737371,2.568971895,3.540378574,95.39801591,95,2.944456223,1.317064322,0.34046355,,,,,,,,,,
Japan,East Asia & Pacific,2015,,127985.1406,91.3809967,98.92280548,99,0,1.077194517,0,null,null,null,null,null,null,null,null,null,null,0.031221394,,0.031221394,Null,,,Null,,,
Japan,East Asia & Pacific,2020,5,126476.4609,91.78199768,99.07891245,99,0,0.9210875467,0,null,null,null,null,null,null,null,null,null,null,,,,,,,,,,
Jordan,Middle East & North Africa,2015,,9266.573242,90.25600433,99.00678491,99,0.1524029836,0.7812311648,0.05958093834,97.36231539,97,0.6242725518,1.973552059,0.03986,99.18431682,99,0.1014601355,0.6525130437,0.06171,-0.01329639,,-0.01329639,-0.01016734,,-0.01016734,-0.018220846,,-0.018220846,0.008053506
Jordan,Middle East & North Africa,2020,5,10203.13965,91.41799927,98.94030296,99,0.1462147369,0.8536474704,0.05983483179,97.31147869,97,0.6239465945,2.024714716,0.03986,99.09321259,99,0.1013669408,0.7437104707,0.06171,,,,,,,,,,
Kazakhstan,Europe & Central Asia,2015,,17572.00977,57.19100189,95.02533441,95,1.812908425,2.904392652,0.2573645111,90.74749784,91,1.86677185,6.784537749,0.6011925556,98.22740979,98,1.772590206,0,0,0.081927182,,0.081927182,0.2383509,,0.2383509,-0.045335692,,-0.045335692,0.283686592
Kazakhstan,Europe & Central Asia,2020,5,18776.70703,57.67100143,95.43497032,95,1.941425039,2.545956934,0.07764770471,91.93925234,92,1.862616064,6.014693049,0.1834385438,98.00073133,98,1.999268673,0,0,,,,,,,,,,
Kenya,Sub-Saharan Africa,2015,,47878.33984,25.65799904,58.19692798,58,8.796753977,11.52291835,21.48339969,48.27216191,48,10.37313934,14.21683468,27.13786408,86.95314792,87,4.22930427,3.717504383,5.100043429,0.68719272,,0.68719272,0.701563404,,0.701563404,0.004416706,,0.004416706,0.697146698
Kenya,Sub-Saharan Africa,2020,5,53771.30078,27.99499893,61.63289158,62,9.54187005,9.780087524,19.04515084,51.77997893,52,11.56900419,12.51911322,24.13190366,86.97523145,87,4.327944725,2.73514263,5.961681193,,,,,,,,,,
Kiribati,East Asia & Pacific,2015,,110.927002,51.61899948,73.84809659,74,2.340891569,23.81101184,0,57.92225259,58,1.639587928,40.43815948,0,88.774932,89,2.998203296,8.226864706,0,0.824564852,,0.824564852,0.61438646,,0.61438646,0.55124857,,0.55124857,0.06313789
Kiribati,East Asia & Pacific,2020,5,119.4459991,55.59399796,77.97092085,78,4.076899625,17.95217953,0,60.99418489,61,2.096609799,36.90920532,0,91.53117485,92,5.658666461,2.810158691,0,,,,,,,,,,
Kuwait,Middle East & North Africa,2015,,3835.587891,100,100,100,0,0,0,null,null,null,null,null,null,null,null,null,null,0,Full access,,Null,,,Null,,,
Kuwait,Middle East & North Africa,2020,5,4270.562988,100,100,100,0,0,0,null,null,null,null,null,null,null,null,null,null,,,,,,,,,,
Kyrgyzstan,Europe & Central Asia,2015,,5959.125977,35.77700043,88.44176125,88,1.789935836,2.248062905,7.520240013,83.10521764,83,2.415973654,3.353168783,11.12563993,98.02134645,98,0.6661405372,0.2642965036,1.04821651,0.651508794,,0.651508794,0.830642272,,0.830642272,0.257269172,,0.257269172,0.5733731
Kyrgyzstan,Europe & Central Asia,2020,5,6524.190918,36.85599899,91.69930522,92,1.900734111,1.8656487,4.534311965,87.258429,87,2.606070485,2.954593684,7.180906832,99.30769231,99,0.6923076923,0,0,,,,,,,,,,
Lao People's Democratic Republic,East Asia & Pacific,2015,,6741.160156,33.10799789,77.46057221,77,3.052340334,14.22792235,5.259165108,70.23968655,70,4.170293363,18.20222139,7.387798694,92.04977998,92,0.793607849,6.198176795,0.9584353711,1.551834194,,1.551834194,1.646654574,,1.646654574,1.002896448,,1.002896448,0.643758126
Lao People's Democratic Republic,East Asia & Pacific,2020,5,7275.556152,36.29000092,85.21974318,85,3.566857739,10.62886799,0.5845310938,78.47295942,78,5.598583786,15.0109696,0.9174871957,97.06426222,97,0,2.935737778,0,,,,,,,,,,
Latvia,Europe & Central Asia,2015,,1997.675049,67.97999573,98.52511728,99,0.6787074231,0.7961752931,0,97.85471901,98,0,2.145280992,0,98.84089334,99,0.998392862,0.1607138001,0,0.051496774,,0.051496774,0.144900826,,0.144900826,0.00720627,,0.00720627,0.137694556
Latvia,Europe & Central Asia,2020,5,1886.202026,68.31500244,98.78260115,99,0.6823007424,0.5350981037,0,98.57922314,99,0,1.42077686,0,98.87692469,99,0.9987568151,0.1243184908,0,,,,,,,,,,
Lebanon,Middle East & North Africa,2015,,6532.681152,88.10600281,91.22432251,91,7.29006465,1.34019284,0.14542,null,null,null,null,null,null,null,null,null,null,0.275135498,,0.275135498,Null,,,Null,,,
Lebanon,Middle East & North Africa,2020,5,6825.441895,88.92499542,92.6,93,7.4,0,0,null,null,null,null,null,null,null,null,null,null,,,,,,,,,,
Lesotho,Sub-Saharan Africa,2015,,2059.010986,26.90800095,70.5456894,71,10.86331049,14.5343829,4.056617208,63.42088315,63,13.04933941,18.16490493,5.364872511,89.89927614,90,4.925254235,4.672553616,0.502916007,0.326069974,,0.326069974,0.045894334,,0.045894334,0.624326482,,0.624326482,-0.578432148
Lesotho,Sub-Saharan Africa,2020,5,2142.251953,29.02799988,72.17603927,72,10.40592597,12.21725464,5.200780116,63.65035482,64,13.55843013,15.73132479,7.059890254,93.02090855,93,2.698211997,3.625530038,0.65534942,,,,,,,,,,
Liberia,Sub-Saharan Africa,2015,,4472.229004,49.81999969,72.56979194,73,7.364422679,6.537233844,13.52855154,61.26318196,61,5.126042294,7.524148785,26.08662696,83.95810401,84,9.618977705,5.54318741,0.8797308764,0.53839993,,0.53839993,0.567406986,,0.567406986,0.314001124,,0.314001124,0.253405862
Liberia,Sub-Saharan Africa,2020,5,5057.676758,52.08899689,75.26179159,75,8.700657475,3.488080869,12.54947006,64.10021689,64,6.537775797,3.383709875,25.97829744,85.52810963,86,10.69005698,3.58408039,0.1977530006,,,,,,,,,,
Libya,Sub-Saharan Africa,2015,,6418.314941,79.27000427,97.28161516,97,0,2.718384841,0,null,null,null,null,null,null,null,null,null,null,0.521981728,,0.521981728,Null,,,Null,,,
Libya,Sub-Saharan Africa,2020,5,6871.287109,80.69100189,99.8915238,100,0,0.1084762012,0,null,null,null,null,null,null,null,null,null,null,,,,,,,,,,
Liechtenstein,Europe & Central Asia,2015,,37.46500015,14.30300045,100,100,0,0,0,null,null,null,null,null,null,null,null,null,null,0,Full access,,Null,,,Null,,,
Liechtenstein,Europe & Central Asia,2020,5,38.13700104,14.41600037,100,100,0,0,0,null,null,null,null,null,null,null,null,null,null,,,,,,,,,,
Lithuania,Europe & Central Asia,2015,,2931.87207,67.22999573,96.60413858,97,0,3.395861422,0,90.71848441,91,0,9.281515589,0,99.47299035,99,0,0.5270096501,0,0.281841732,,0.281841732,0.612859164,,0.612859164,0.10540193,,0.10540193,0.507457234
Lithuania,Europe & Central Asia,2020,5,2722.291016,68.04599762,98.01334724,98,0,1.98665276,0,93.78278023,94,0,6.217219771,0,100,100,0,0,0,,,,,,,,,,
Luxembourg,Europe & Central Asia,2015,,566.7410278,90.17900085,99.92517066,100,0,0.07482934002,0,99.23809524,99,0,0.7619047619,0,100,100,0,0,0,-0.009047624,Full access,-0.009047624,-0.128571428,,-0.128571428,0,Full access,,-0.128571428
Luxembourg,Europe & Central Asia,2020,5,625.9760132,91.4529953,99.87993254,100,0,0.1200674649,0,98.5952381,99,0,1.404761905,0,100,100,0,0,0,,,,,,,,,,
Madagascar,Sub-Saharan Africa,2015,,24234.08008,35.19299698,48.89177354,49,2.67716038,30.40673651,18.02432957,33.14457773,33,1.743479446,39.69799969,25.41394313,77.88983072,78,4.396509873,13.29711369,4.416545719,0.898822274,,0.898822274,0.65236851,,0.65236851,0.516035244,,0.516035244,0.136333266
Madagascar,Sub-Saharan Africa,2020,5,27691.01953,38.5340004,53.38588491,53,2.71797298,32.31145967,11.58468244,36.40642028,36,1.601776163,43.95389345,18.03791011,80.47000694,80,4.498430298,13.74049434,1.291068417,,,,,,,,,,
Malawi,Sub-Saharan Africa,2015,,16745.30469,16.31299973,66.15495914,66,19.71603831,10.55451427,3.574488277,62.24060864,62,21.69810966,11.87522028,4.186061413,86.23587985,86,9.547849488,3.779202335,0.4370683245,0.778553874,,0.778553874,0.868887024,,0.868887024,0.043763672,,0.043763672,0.825123352
Malawi,Sub-Saharan Africa,2020,5,19129.95508,17.42700005,70.04772851,70,21.95081497,5.776304407,2.22515211,66.58504376,67,24.41415803,6.383874146,2.616924066,86.45469821,86,10.27894825,2.897503996,0.3688495446,,,,,,,,,,
Malaysia,South Asia,2015,,30270.96484,74.21299744,97.05220256,97,0.3630055004,2.584791939,null,90.91830922,91,0.5488026714,8.532888105,null,99.18356605,99,0.2984460363,0.427987911,0.09,0.009540902,,0.009540902,-0.14417222,,-0.14417222,-0.008094028,,-0.008094028,-0.136078192
Malaysia,South Asia,2020,5,32365.99805,77.15999603,97.09990707,97,0.3545396865,2.545553241,null,90.19744812,90,0.5444513971,9.258100478,null,99.14309591,99,0.2983242605,0.4685798319,0.09,,,,,,,,,,
Maldives,South Asia,2015,,454.9140015,38.52899933,98.81424429,99,0.1121578799,1.073597835,0,98.87969927,99,0.1669852816,0.953315453,0,98.70980569,99,0.02468362233,1.265510688,0,0.146038862,,0.146038862,0.207862646,,0.207862646,0.057636648,,0.057636648,0.150225998
Maldives,South Asia,2020,5,540.5419922,40.66899872,99.5444386,100,0.0480506913,0.407510705,0,99.9190125,100,0.0809875,0,0,98.99798893,99,0,1.002011069,0,,,,,,,,,,
Mali,Sub-Saharan Africa,2015,,17438.77148,39.99099731,74.39951222,74,4.171846453,19.37992934,2.048711981,63.39571403,63,4.449382415,28.94484164,3.21006192,90.91140553,91,3.755386657,5.027173979,0.306033834,1.629555762,,1.629555762,1.737036236,,1.737036236,1.001209844,,1.001209844,0.735826392
Mali,Sub-Saharan Africa,2020,5,20250.83398,43.90900421,82.54729103,83,3.854734527,12.24697135,1.35100309,72.08089521,72,3.78241223,21.72810084,2.408591717,95.91745475,96,3.947121723,0.1354235314,0,,,,,,,,,,
Malta,Europe & Central Asia,2015,,433.5589905,94.41400146,100,100,0,0,0,100,100,0,0,0,100,100,0,0,0,0.00000008000000093,Full access,,0,Full access,,0,Full access,,0
Malta,Europe & Central Asia,2020,5,441.5390015,94.7440033,100.0000004,100,0,0,0,100,100,0,0,0,100,100,0,0,0,,,,,,,,,,
Marshall Islands,East Asia & Pacific,2015,,57.44400024,75.81099701,88.34252362,88,11.18141559,0.4760607918,0,94.27836,94,5.38164,0.34,0,86.44857737,86,13.03194895,0.5194736842,0,0.045904672,,0.045904672,0.030272,,0.030272,0.090284526,,0.090284526,-0.060012526
Marshall Islands,East Asia & Pacific,2020,5,59.19400024,77.79399109,88.57204698,89,11.387979,0.03997402585,0,94.42972,94,5.39028,0.18,0,86.9,87,13.1,0,0,,,,,,,,,,
Martinique,Latin America & Caribbean,2015,,378.4830017,88.98100281,99.79603,100,0,0.2039699954,0,null,null,null,null,null,null,null,null,null,null,0.009188156,Full access,0.009188156,Null,,,Null,,,
Martinique,Latin America & Caribbean,2020,5,375.2650146,89.13999939,99.84197078,100,0,0.1580292158,0,null,null,null,null,null,null,null,null,null,null,,,,,,,,,,
Mauritania,Sub-Saharan Africa,2015,,4046.303955,51.0890007,66.9733094,67,14.81165357,17.63702375,0.5780132824,46.69284218,47,18.20063085,33.9247615,1.181765464,86.38918859,86,11.56715369,2.043657719,0,0.941547966,,0.941547966,0.643699344,,0.643699344,0.573901212,,0.573901212,0.069798132
Mauritania,Sub-Saharan Africa,2020,5,4649.660156,55.32699585,71.68104923,72,13.47689193,14.82032681,0.02173203433,49.9113389,50,18.49039689,31.5496173,0.04864690722,89.25869465,89,9.428808083,1.31249727,0,,,,,,,,,,
Mauritius,Sub-Saharan Africa,2015,,1259.457031,41,99.86648182,100,0,0.1335181809,0,99.82768234,100,0,0.1723176618,0,99.92231522,100,0,0.07768478119,0,-0.000045424,Full access,-0.000045424,0,Full access,0,0,Full access,0,0
Mauritius,Sub-Saharan Africa,2020,5,1271.766968,40.75999832,99.8662547,100,0,0.1337453014,0,99.82768234,100,0,0.1723176618,0,99.92231522,100,0,0.07768478119,0,,,,,,,,,,
Mayotte,Sub-Saharan Africa,2015,,240.0110016,46.98900223,96.83781128,97,0,0.2820184669,2.880170256,null,null,null,null,null,null,null,null,null,null,-0.093326314,,-0.093326314,Null,,,Null,,,
Mayotte,Sub-Saharan Africa,2020,5,272.8129883,45.75099945,96.37117971,96,0,3.628820295,null,null,null,null,null,null,null,null,null,null,null,,,,,,,,,,
Mexico,Latin America & Caribbean,2015,,121858.25,79.28499603,98.02544354,98,0,1.412360964,0.5621954921,93.28669403,93,0,4.310938852,2.402367121,99.2635529,99,0,0.655038006,0.08140909465,0.330824948,,0.330824948,1.01007498,,1.01007498,0.14728942,,0.14728942,0.86278556
Mexico,Latin America & Caribbean,2020,5,128932.75,80.73099518,99.67956828,100,0,0.3204317169,0,98.33706893,98,0,1.662931067,0,100,100,0,0,0,,,,,,,,,,
Micronesia (Federated States of),East Asia & Pacific,2015,,108.8860016,22.45599937,88.30815668,88,0,11.69184332,null,null,null,null,null,null,null,null,null,null,null,0,,0,Null,,,Null,,,
Micronesia (Federated States of),East Asia & Pacific,2019,4,113.810997,22.81200027,88.30815668,88,0,11.69184332,null,null,null,null,null,null,null,null,null,null,null,,,,,,,,,,
Monaco,Europe & Central Asia,2015,,37.72299957,100,100,100,0,0,0,null,null,null,null,null,100,100,0,0,0,0,Full access,,Null,,,0,Full access,,
Monaco,Europe & Central Asia,2020,5,39.24399948,100,100,100,0,0,0,null,null,null,null,null,100,100,0,0,0,,,,,,,,,,
Mongolia,East Asia & Pacific,2015,,2998.433105,68.22999573,80.81301209,81,3.905181378,7.578644581,7.70316195,52.09388801,52,5.33358915,18.71864336,23.85387948,94.18552724,94,3.240070405,2.391515544,0.1828868106,0.936522636,,0.936522636,1.795372626,,1.795372626,0.492087668,,0.492087668,1.303284958
Mongolia,East Asia & Pacific,2020,5,3278.291992,68.65699768,85.49562527,85,2.14642893,6.633366714,5.724579081,61.07075114,61,3.084170572,17.58078116,18.26429713,96.64596558,97,1.718335079,1.635699341,0,,,,,,,,,,
Montenegro,Europe & Central Asia,2015,,626.9569702,65.80599976,97.39129537,97,1.68690191,0.8814458462,0.04035686954,95.96066218,96,1.539303155,2.38201141,0.1180232558,98.13467845,98,1.763596913,0.101724636,0,0.29312423,,0.29312423,0.440245072,,0.440245072,0.211412228,,0.211412228,0.228832844
Montenegro,Europe & Central Asia,2020,5,628.0620117,67.48800659,98.85691652,99,0.5454788204,0.592312011,0.005292650894,98.16188754,98,0,1.821833386,0.01627906977,99.19173959,99,0.8082604128,0,0,,,,,,,,,,
Montserrat,Latin America & Caribbean,2015,,4.96600008,9.041000366,98.07082056,98,0,1.929179439,0,null,null,null,null,null,null,null,null,null,null,0.001332412,,0.001332412,Null,,,Null,,,
Montserrat,Latin America & Caribbean,2020,5,4.999000072,9.114999771,98.07748262,98,0,1.922517378,0,null,null,null,null,null,null,null,null,null,null,,,,,,,,,,
Morocco,Middle East & North Africa,2015,,34663.60938,60.80899811,83.75113288,84,5.937188415,8.517881858,1.793796851,64.17252874,64,12.25581871,19.02957964,4.542072914,96.36941502,96,1.864872571,1.743161481,0.02255092798,1.33024236,,1.33024236,2.634720044,,2.634720044,0.305466198,,0.305466198,2.329253846
Morocco,Middle East & North Africa,2020,5,36910.55859,63.53199768,90.40234468,90,5.263549601,2.8776725,1.456433219,77.34612896,77,12.03707816,6.623063373,3.993729502,97.89674601,98,1.375477117,0.7277768759,0,,,,,,,,,,
Mozambique,Sub-Saharan Africa,2015,,27042.00195,34.40000153,51.17617521,51,10.3714084,26.51349315,11.93892324,35.97137876,36,12.36707992,34.81487395,16.84666736,80.17136583,80,6.565709571,10.68295442,2.579970181,2.438650084,,2.438650084,2.579061548,,2.579061548,1.562736418,,1.562736418,1.01632513
Mozambique,Sub-Saharan Africa,2020,5,31255.43555,37.0739975,63.36942563,63,9.975784507,16.72614511,9.928644759,48.8666865,49,12.64088359,23.6862564,14.80617352,87.98504792,88,5.452291027,4.912684644,1.649976404,,,,,,,,,,
Myanmar,East Asia & Pacific,2015,,52680.72266,29.8579998,73.5874705,74,6.835532269,8.269037119,11.30796011,67.24961354,67,8.042280354,10.1459869,14.56211921,88.47627629,88,4.000656379,3.859732696,3.663334632,2.026144282,,2.026144282,2.23459023,,2.23459023,1.390321954,,1.390321954,0.844268276
Myanmar,East Asia & Pacific,2020,5,54409.79297,31.14100075,83.71819191,84,1.595436949,5.10942478,9.576946362,78.42256469,78,2.316962142,6.592393694,12.66807947,95.42788606,95,0,1.830283006,2.741830931,,,,,,,,,,
Namibia,Sub-Saharan Africa,2015,,2314.900879,46.90000534,82.52413515,83,7.275476154,4.416461411,5.783927281,70.14103138,70,11.72007222,7.614389637,10.52450676,96.54423562,97,2.243322298,0.7957798889,0.4166621911,0.349180226,,0.349180226,0.22302721,,0.22302721,-0.055454054,,-0.055454054,0.278481264
Namibia,Sub-Saharan Africa,2020,5,2540.916016,52.03300095,84.27003628,84,7.08762751,3.740143722,4.902192485,71.25616743,71,11.97218925,7.081803759,9.689839563,96.26696535,96,2.584758965,0.6596102638,0.4886654211,,,,,,,,,,
Nauru,East Asia & Pacific,2015,,10.3739996,100,100,100,0,0,0,null,null,null,null,null,100,100,0,0,0,0,Full access,,Null,,,0,Full access,,
Nauru,East Asia & Pacific,2020,5,10.83399963,100,100,100,0,0,0,null,null,null,null,null,100,100,0,0,0,,,,,,,,,,
Nepal,South Asia,2015,,27015.0332,18.55699921,87.80846759,88,3.167904459,7.264208528,1.759419423,87.24197964,87,3.310271258,7.531317484,1.916431618,90.2946711,90,2.543084752,6.091920182,1.07032397,0.45321484,,0.45321484,0.592258402,,0.592258402,-0.143407588,,-0.143407588,0.73566599
Nepal,South Asia,2020,5,29136.80859,20.57600021,90.07454179,90,3.979825725,4.699081176,1.246551314,90.20327165,90,4.207348246,4.269023951,1.320356149,89.57763316,90,3.101581411,6.359123168,0.9616622585,,,,,,,,,,
Netherlands,Europe & Central Asia,2015,,16938.49219,90.17299652,99.99999856,100,0,0.000001441336238,0,100,100,0,0,0,100,100,0,0,0,0.0000001460000021,Full access,0.0000001460000021,0,Full access,,0,Full access,,0
Netherlands,Europe & Central Asia,2020,5,17134.87305,92.23600006,99.99999929,100,0,0.000000712408621,0,100,100,0,0,0,100,100,0,0,0,,,,,,,,,,
New Caledonia,East Asia & Pacific,2015,,271.0620117,69.37900543,98.13855849,98,0,1.861441508,0,null,null,null,null,null,null,null,null,null,null,0.233352416,,0.233352416,Null,,,Null,,,
New Caledonia,East Asia & Pacific,2020,5,285.4909973,71.51799774,99.30532057,99,0,0.6946794278,0,null,null,null,null,null,null,null,null,null,null,,,,,,,,,,
New Zealand,East Asia & Pacific,2015,,4614.526855,86.34099579,99.99999735,100,0,0.000002645348403,0,100,100,0,0,0,100,100,0,0,0,0.0000007899999986,Full access,0.0000007899999986,0,Full access,,0,Full access,,0
New Zealand,East Asia & Pacific,2020,5,4822.23291,86.6989975,100.0000013,100,0,0,0,100,100,0,0,0,100,100,0,0,0,,,,,,,,,,
Nicaragua,Latin America & Caribbean,2015,,6223.233887,57.89499664,81.35312854,81,1.425927388,13.835759,3.38518507,59.50465784,60,3.238961865,29.55960602,7.696774271,97.24275488,97,0.1073710103,2.400356622,0.2495174846,0.071125052,,0.071125052,-0.079442242,,-0.079442242,0.032840346,,0.032840346,-0.112282588
Nicaragua,Latin America & Caribbean,2020,5,6624.554199,59.01200104,81.7087538,82,1.506645682,13.53053114,3.254069378,59.10744663,59,3.520974285,29.78017368,7.5914054,97.40695661,97,0.1075523143,2.244007656,0.2414834229,,,,,,,,,,
Niger,Sub-Saharan Africa,2015,,20001.66211,16.24699974,45.48245806,45,16.12883696,34.71956001,3.669144972,37.32994165,37,17.64359486,40.88848775,4.137975751,87.50853904,88,8.320286196,2.918844344,1.252330425,0.285867882,,0.285867882,0.364843534,,0.364843534,-0.338939856,,-0.338939856,0.70378339
Niger,Sub-Saharan Africa,2020,5,24206.63672,16.62599945,46.91179747,47,21.6538987,27.02751244,4.406791392,39.15415932,39,23.98774039,31.99150648,4.866593813,85.81383976,86,9.950440829,2.13468778,2.101031634,,,,,,,,,,
Nigeria,Sub-Saharan Africa,2015,,181137.4531,47.83799744,68.77975546,69,6.713550996,14.73376246,9.772931086,53.492449,53,7.106440271,23.1071601,16.29395062,85.44885832,85,6.285149056,5.603506118,2.662486501,1.765859584,,1.765859584,1.633152206,,1.633152206,1.381769374,,1.381769374,0.251382832
Nigeria,Sub-Saharan Africa,2020,5,206139.5938,51.95800018,77.60905338,78,4.979399343,11.79691148,5.614635794,61.65821003,62,7.128924583,20.92487535,10.28799004,92.35770519,92,2.99188065,3.356908786,1.29350537,,,,,,,,,,
Niue,East Asia & Pacific,2015,,1.610000014,42.56800079,97.60613941,98,0,2.393860594,0,null,null,null,null,null,null,null,null,null,null,-0.119052646,,-0.119052646,Null,,,Null,,,
Niue,East Asia & Pacific,2020,5,1.618000031,46.20200348,97.01087618,97,0,2.989123822,0,null,null,null,null,null,null,null,null,null,null,,,,,,,,,,
North Macedonia,Europe & Central Asia,2015,,2079.334961,57.40799713,97.47233283,97,1.885991713,0.5924731745,0.04920227976,97.63323313,98,1.2224645,1.028782373,0.11552,97.35295808,97,2.37827419,0.2687677275,0,0.054096592,,0.054096592,-0.032903712,,-0.032903712,0.116888982,,0.116888982,-0.149792694
North Macedonia,Europe & Central Asia,2020,5,2083.379883,58.48199844,97.74281579,98,1.63499414,0.5742284762,0.04796159706,97.46871457,97,1.505202232,0.9105631982,0.11552,97.93740299,98,1.727136954,0.3354600563,0,,,,,,,,,,
Northern Mariana Islands,East Asia & Pacific,2015,,55.77899933,91.35699463,99.98018339,100,0,0.01981661152,0,null,null,null,null,null,null,null,null,null,null,0.003963322,Full access,0.003963322,Null,,,Null,,,
Northern Mariana Islands,East Asia & Pacific,2020,5,57.55699921,91.79799652,100,100,0,0,0,null,null,null,null,null,null,null,null,null,null,,,,,,,,,,
Norway,Europe & Central Asia,2015,,5199.827148,81.09099579,100.0000012,100,0,0,0,100,100,0,0,0,100,100,0,0,0,-0.000001140000001,Full access,,0,Full access,,0,Full access,,0
Norway,Europe & Central Asia,2020,5,5421.242188,82.97399139,99.9999955,100,0,0.000004503407453,0,100,100,0,0,0,100,100,0,0,0,,,,,,,,,,
Oman,Middle East & North Africa,2015,,4267.34082,81.34999847,90.23848564,90,8.208802788,1.473142599,0.0795689751,74.36690846,74,21.09767236,4.386731832,0.1486873508,93.87714508,94,5.253947929,0.8051838421,0.06372315036,0.38590781,,0.38590781,0.37677429,,0.37677429,0.164570984,,0.164570984,0.212203306
Oman,Middle East & North Africa,2020,5,5106.62207,86.27599335,92.16802469,92,7.541419893,0.2604052036,0.03015021745,76.25077991,76,21.63212113,1.897409218,0.2196897375,94.7,95,5.3,0,0,,,,,,,,,,
Pakistan,South Asia,2015,,199426.9531,36.02600098,89.45498234,89,3.65595302,4.42169119,2.467373447,87.15095676,87,3.956563839,5.236412879,3.656066523,93.54640884,94,3.122136433,2.974930389,0.35652434,0.138796548,,0.138796548,0.2897808,,0.2897808,-0.155671798,,-0.155671798,0.445452598
Pakistan,South Asia,2020,5,220892.3281,37.16500092,90.14896508,90,3.822279525,4.413307574,1.61544782,88.59986076,89,3.852278117,5.174596509,2.373264617,92.76804985,93,3.771561162,3.126184571,0.3342044223,,,,,,,,,,
Palau,East Asia & Pacific,2015,,17.66500092,78.15899658,99.63015085,100,0,0.3698491499,0,99.61387148,100,0,0.3861285173,0,99.63470173,100,0,0.3652982706,0,0.00547893,Full access,0.00547893,0.02862271,Full access,0.02862271,-0.000099948,Full access,-0.000099948,0.028722658
Palau,East Asia & Pacific,2020,5,18.09199905,80.98799896,99.6575455,100,0,0.3424544984,0,99.75698503,100,0,0.2430149677,0,99.63420199,100,0,0.3657980078,0,,,,,,,,,,
Panama,Latin America & Caribbean,2015,,3968.48999,66.69599915,92.90436561,93,1.845644171,3.160016841,2.08997338,83.67957953,84,1.737106037,8.379298168,6.20401626,97.51067739,98,1.899841721,0.5538148391,0.03566604616,0.29363575,,0.29363575,0.528700746,,0.528700746,0.115643056,,0.115643056,0.41305769
Panama,Latin America & Caribbean,2020,5,4314.768066,68.41400146,94.37254436,94,1.873480592,2.262304247,1.491670799,86.32308326,86,1.791982583,7.162364342,4.722569811,98.08889267,98,1.911107333,0,0,,,,,,,,,,
Papua New Guinea,East Asia & Pacific,2015,,8107.771973,13.01200008,41.48550844,41,1.80995308,21.261052,35.44348648,34.990633,35,1.804724433,23.25354875,39.95109382,84.90514306,85,1.844907912,7.940776435,5.309172598,0.771701816,,0.771701816,0.816142134,,0.816142134,0.234025716,,0.234025716,0.582116418
Papua New Guinea,East Asia & Pacific,2020,5,8947.027344,13.34500027,45.34401752,45,2.128564452,22.15762495,30.36979308,39.07134367,39,2.429850293,24.43180086,34.06700517,86.07527164,86,0.1721822608,7.390385564,6.362160532,,,,,,,,,,
Paraguay,Latin America & Caribbean,2015,,6688.746094,60.75,96.83621453,97,0.328424003,2.756768199,0.07859326698,93.34470029,93,0.6976664397,5.757395646,0.2002376288,99.09204873,99,0.08985997117,0.818091301,0,0.55145036,,0.55145036,1.153305448,,1.153305448,0.158939962,,0.158939962,0.994365486
Paraguay,Latin America & Caribbean,2020,5,7132.529785,62.18299484,99.59346633,100,0.4065302439,0.0000034229177,0,99.11122753,99,0.8887724684,0,0,99.88674854,100,0.1132514643,0,0,,,,,,,,,,
Peru,Latin America & Caribbean,2015,,30470.73828,77.35700226,90.28200304,90,0.9325834719,5.763626055,3.021787439,73.28762384,73,1.523040337,12.99206766,12.19726817,95.25638702,95,0.75975209,3.647808558,0.3360523291,0.571472634,,0.571472634,1.50236293,,1.50236293,0.260691412,,0.260691412,1.241671518
Peru,Latin America & Caribbean,2020,5,32971.84766,78.2970047,93.13936621,93,0.8495593511,4.150468349,1.860606087,80.79943849,81,1.596943771,9.612691163,7.990926578,96.55984408,97,0.6423932356,2.636408693,0.1613539953,,,,,,,,,,
Philippines,South Asia,2015,,102113.2031,46.2840004,92.01770102,92,2.920429319,4.532138462,0.5297311944,88.20816233,88,3.825892542,7.111213037,0.8547320937,96.43895214,96,1.869572353,1.538931873,0.1525436393,0.418266708,,0.418266708,0.570754178,,0.570754178,0.210076072,,0.210076072,0.360678106
Philippines,South Asia,2020,5,109581.0859,47.40799713,94.10903456,94,2.856486137,3.034479307,0,91.06193322,91,3.959520428,4.978546347,0,97.4893325,97,1.632836465,0.877831036,0,,,,,,,,,,
Poland,Europe & Central Asia,2015,,38034.07422,60.27799606,99.23206988,99,0,0.7679301246,0,98.53790323,99,0,1.462096774,0,99.68951613,100,0,0.310483871,0,0.146904334,,0.146904334,0.292419354,,0.292419354,0.050967742,Full access,0.050967742,0.241451612
Poland,Europe & Central Asia,2020,5,37846.60547,60.04300308,99.96659155,100,0,0.03340844529,0,100,100,0,0,0,99.94435484,100,0,0.05564516129,0,,,,,,,,,,
Portugal,Europe & Central Asia,2015,,10368.3457,63.51399994,99.90468984,100,0,0.095310157,0,99.73877609,100,0,0.2612239122,0,100,100,0,0,0,0.001460766,Full access,0.001460766,0,Full access,0,0,Full access,,0
Portugal,Europe & Central Asia,2020,5,10196.70703,66.30999756,99.91199367,100,0,0.08800633369,0,99.73877609,100,0,0.2612239122,0,100,100,0,0,0,,,,,,,,,,
Puerto Rico,Latin America & Caribbean,2015,,3381.511963,93.62400055,99.42544976,99,0,0.574550243,0,null,null,null,null,null,null,null,null,null,null,0.114910048,,0.114910048,Null,,,Null,,,
Puerto Rico,Latin America & Caribbean,2020,5,2860.840088,93.58100128,100,100,0,0,0,null,null,null,null,null,null,null,null,null,null,,,,,,,,,,
Qatar,Europe & Central Asia,2015,,2565.708008,98.94499207,99.69150138,100,0,0.308498617,0,null,null,null,null,null,null,null,null,null,null,-0.024679888,Full access,-0.024679888,Null,,,Null,,,
Qatar,Europe & Central Asia,2020,5,2881.060059,99.23500061,99.56810194,100,0,0.4318980637,0,null,null,null,null,null,null,null,null,null,null,,,,,,,,,,
Republic of Korea,East Asia & Pacific,2015,,50823.08594,81.63400269,99.47274641,99,0,0.5272535907,0,null,null,null,null,null,null,null,null,null,null,0.091730048,,0.091730048,Null,,,Null,,,
Republic of Korea,East Asia & Pacific,2020,5,51269.18359,81.41400146,99.93139665,100,0,0.06860335296,0,null,null,null,null,null,null,null,null,null,null,,,,,,,,,,
Republic of Moldova,Europe & Central Asia,2015,,4070.705078,42.48999786,88.5760319,89,1.485629517,9.938338582,0,82.54249075,83,1.470222482,15.98728677,0,96.7423994,97,1.506482861,1.751117739,0,0.398786068,,0.398786068,0.587709474,,0.587709474,0.123009016,,0.123009016,0.464700458
Republic of Moldova,Europe & Central Asia,2020,5,4033.962891,42.84900284,90.56996224,91,1.519776762,7.910260997,0,85.48103812,85,1.52256302,12.99639886,0,97.35744448,97,1.516060408,1.126495111,0,,,,,,,,,,
Réunion,Sub-Saharan Africa,2015,,863.3590088,99.33900452,99.91153019,100,0,0.0884698141,0,null,null,null,null,null,null,null,null,null,null,0.017693962,Full access,0.017693962,Null,,,Null,,,
Réunion,Sub-Saharan Africa,2020,5,895.3079834,99.65900421,100,100,0,0,0,null,null,null,null,null,null,null,null,null,null,,,,,,,,,,
Romania,Europe & Central Asia,2015,,19925.18164,53.88699722,100,100,0,0,0,100,100,0,0,0,100,100,0,0,0,0,Full access,,0,Full access,,0,Full access,,0
Romania,Europe & Central Asia,2020,5,19237.68164,54.19400024,100,100,0,0,0,100,100,0,0,0,100,100,0,0,0,,,,,,,,,,
Russian Federation,Europe & Central Asia,2015,,144985.0625,74.04999542,96.52715543,97,0.6244865344,2.848358036,null,90.11010901,90,1.558364042,8.331526946,null,98.77593489,99,0.2972194631,0.726845642,0.2,0.093078528,,0.093078528,0.28679859,,0.28679859,0.011332944,,0.011332944,0.275465646
Russian Federation,Europe & Central Asia,2020,5,145934.4531,74.75400543,96.99254807,97,0.6219963766,2.38545555,null,91.54410196,92,1.583163513,6.872734531,null,98.83259961,99,0.2973899687,0.6700104236,0.2,,,,,,,,,,
Rwanda,Sub-Saharan Africa,2015,,11369.06641,17.00399971,57.12177402,57,22.15404615,13.45013172,7.27404811,52.35270956,52,24.60883866,14.98060354,8.057848241,80.39943738,80,10.17228262,5.979935166,3.448344828,0.658545426,,0.658545426,0.657951734,,0.657951734,0.523632384,,0.523632384,0.13431935
Rwanda,Sub-Saharan Africa,2020,5,12952.20898,17.43200111,60.41450115,60,22.3207193,13.15480415,4.109975401,55.64246823,56,25.08014133,14.77886772,4.498522714,83.0175993,83,9.250506251,5.462303057,2.269591394,,,,,,,,,,
Saint Barthelemy,Latin America & Caribbean,2015,,9.696,100,99.96491927,100,0,0.0350807263,0,null,null,null,null,null,99.96491927,100,0,0.0350807263,0,0.007016146,Full access,0.007016146,Null,,,0.007016146,Full access,0.007016146,
Saint Barthelemy,Latin America & Caribbean,2020,5,9.885,100,100,100,0,0,0,null,null,null,null,null,100,100,0,0,0,,,,,,,,,,
Saint Helena,Sub-Saharan Africa,2015,,5.868999958,39.5399971,98.95,99,0,1.05,0,null,null,null,null,null,null,null,null,null,null,0.03,,0.03,Null,,,Null,,,
Saint Helena,Sub-Saharan Africa,2020,5,6.071000099,40.08200073,99.1,99,0,0.9,0,null,null,null,null,null,null,null,null,null,null,,,,,,,,,,
Saint Kitts and Nevis,Latin America & Caribbean,2015,,51.20399857,30.82700157,98.61185413,99,0,1.388145868,0,null,null,null,null,null,null,null,null,null,null,0,,0,Null,,,Null,,,
Saint Kitts and Nevis,Latin America & Caribbean,2017,2,52.0359993,30.7729969,98.61185413,99,0,1.388145868,0,null,null,null,null,null,null,null,null,null,null,,,,,,,,,,
Saint Lucia,Latin America & Caribbean,2015,,179.1309967,18.51499939,95.56809428,96,1.790210415,2.641695303,0,95.31226124,95,1.707252381,2.980486378,0,96.69403318,97,2.155311103,1.150655713,0,0.263950058,,0.263950058,0.300352518,,0.300352518,0.102357802,,0.102357802,0.197994716
Saint Lucia,Latin America & Caribbean,2020,5,183.6289978,18.8409996,96.88784457,97,1.815652166,1.296503269,0,96.81402383,97,1.734152255,1.451823918,0,97.20582219,97,2.166718886,0.6274589237,0,,,,,,,,,,
Saint Martin (French part),Latin America & Caribbean,2015,,35.865,100,99.9997742,100,0,0.0002258038882,0,null,null,null,null,null,99.9997742,100,0,0.0002258038882,0,-0.000100562,Full access,-0.000100562,Null,,,-0.000100562,Full access,-0.000100562,
Saint Martin (French part),Latin America & Caribbean,2020,5,38.659,100,99.99927139,100,0,0.0007286105507,0,null,null,null,null,null,99.99927139,100,0,0.0007286105507,0,,,,,,,,,,
Saint Pierre and Miquelon,North America,2015,,5.992000103,89.88899994,91.4,91,0,8.6,0,null,null,null,null,null,null,null,null,null,null,0,,0,Null,,,Null,,,
Saint Pierre and Miquelon,North America,2020,5,5.795000076,89.96199799,91.4,91,0,8.6,0,null,null,null,null,null,null,null,null,null,null,,,,,,,,,,
Saint Vincent and the Grenadines,Latin America & Caribbean,2015,,109.1350021,50.96399689,95.1452199,95,0,4.070093703,0.784686397,null,null,null,null,null,null,null,null,null,null,0,,0,Null,,,Null,,,
Saint Vincent and the Grenadines,Latin America & Caribbean,2018,3,110.2099991,52.19799805,95.1452199,95,0,4.8547801,null,null,null,null,null,null,null,null,null,null,null,,,,,,,,,,
Samoa,East Asia & Pacific,2015,,193.5099945,18.91400146,91.32139736,91,6.499281296,1.929815904,0.2495054413,91.38641565,91,6.194005024,2.148529534,0.2710497959,91.04264868,91,7.808027061,0.9921814015,0.1571428571,0.103265438,,0.103265438,0.078781444,,0.078781444,0.211708264,,0.211708264,-0.13292682
Samoa,East Asia & Pacific,2020,5,198.4100037,17.88899994,91.83772455,92,6.520899952,1.418623428,0.2227520679,91.78032287,92,6.220703339,1.72769216,0.2712816327,92.10119,92,7.89881,0,0,,,,,,,,,,
San Marino,Europe & Central Asia,2015,,33.27000046,96.73899841,100,100,0,0,0,null,null,null,null,null,null,null,null,null,null,0,Full access,,Null,,,Null,,,
San Marino,Europe & Central Asia,2020,5,33.93799973,97.49900055,100,100,0,0,0,null,null,null,null,null,null,null,null,null,null,,,,,,,,,,
Sao Tome and Principe,Sub-Saharan Africa,2015,,199.4389954,70.1740036,77.12422979,77,18.34430682,1.859577121,2.671886269,71.28271664,71,17.07304495,4.118479256,7.525759155,79.607041,80,18.88462966,0.8994805634,0.6088487774,0.220445074,,0.220445074,0.60357957,,0.60357957,-0.00529962,,-0.00529962,0.60887919
Sao Tome and Principe,Sub-Saharan Africa,2020,5,219.1609955,74.35400391,78.22645516,78,20.23798298,0.4435199284,1.09204193,74.30061449,74,19.71184258,1.729405704,4.258137228,79.5805429,80,20.4194571,0,0,,,,,,,,,,
Saudi Arabia,Europe & Central Asia,2015,,31717.67578,83.18000031,99.54802638,100,0,0.4519736166,0,null,null,null,null,null,null,null,null,null,null,0.090394724,Full access,0.090394724,Null,,,Null,,,
Saudi Arabia,Europe & Central Asia,2020,5,34813.86719,84.28700256,100,100,0,0,0,null,null,null,null,null,null,null,null,null,null,,,,,,,,,,
Senegal,Sub-Saharan Africa,2015,,14578.4502,45.86200333,78.60209362,79,3.392145635,17.59491318,0.4108475646,65.94120156,66,5.253411854,28.07919255,0.7261940369,93.54769776,94,1.195005973,5.218700794,0.03859547379,1.260628834,,1.260628834,1.860345328,,1.860345328,0.354800636,,0.354800636,1.505544692
Senegal,Sub-Saharan Africa,2020,5,16743.92969,48.12200165,84.90523779,85,2.387217509,12.60781566,0.09972904042,75.2429282,75,4.052382433,20.51245174,0.1922376314,95.32170094,95,0.5920836567,4.086215402,0,,,,,,,,,,
Serbia,Europe & Central Asia,2015,,8876.777344,55.69599915,93.3864573,93,6.112096052,0.4835436344,0.01790301579,94.72352905,95,4.600438201,0.6356232686,0.040409478,92.32286869,92,7.314561109,0.3625701971,0,0.381814404,,0.381814404,0.22428914,,0.22428914,0.50974024,,0.50974024,-0.2854511
Serbia,Europe & Central Asia,2020,5,8737.370117,56.44599915,95.29552932,95,4.244199279,0.4437204778,0.01655092647,95.84497475,96,3.545864028,0.5711602866,0.03800093141,94.87156989,95,4.783037865,0.3453922445,0,,,,,,,,,,
Seychelles,East Asia & Pacific,2015,,94.98100281,55.40000153,96.2508915,96,0,0,3.749108502,null,null,null,null,null,null,null,null,null,null,0.1502138475,,0.1502138475,Null,,,Null,,,
Seychelles,East Asia & Pacific,2019,4,97.74099731,57.1190033,96.85174689,97,0,3.148253109,null,null,null,null,null,null,null,null,null,null,null,,,,,,,,,,
Sierra Leone,Sub-Saharan Africa,2015,,7171.90918,40.82899857,57.84746516,58,8.196957957,15.91095456,18.04462232,45.52971384,46,4.840494472,21.71696143,27.91283027,75.69883758,76,13.06127759,7.496659761,3.743225068,1.183764092,,1.183764092,1.444597766,,1.444597766,0.542560016,,0.542560016,0.90203775
Sierra Leone,Sub-Saharan Africa,2020,5,7976.984863,42.92300034,63.76628562,64,9.023316357,15.5639457,11.64645233,52.75270267,53,5.221136889,23.14294909,18.88321135,78.41163766,78,14.07927743,5.485735437,2.023349475,,,,,,,,,,
Singapore,East Asia & Pacific,2015,,5592.143066,100,100,100,0,0,0,null,null,null,null,null,100,100,0,0,0,0,Full access,,Null,,,0,Full access,,
Singapore,East Asia & Pacific,2020,5,5850.342773,100,100,100,0,0,0,null,null,null,null,null,100,100,0,0,0,,,,,,,,,,
Sint Maarten (Dutch part),Latin America & Caribbean,2015,,39.96699905,100,95.31117933,95,0,4.68882067,0,null,null,null,null,null,95.31117933,95,0,4.68882067,0,0,,0,Null,,,0,,0,
Sint Maarten (Dutch part),Latin America & Caribbean,2017,2,41.44400024,100,95.31117933,95,0,4.68882067,0,null,null,null,null,null,95.31117933,95,0,4.68882067,0,,,,,,,,,,
Slovakia,Europe & Central Asia,2015,,5435.61377,53.88899994,99.78718913,100,0.2128108674,0,0,100,100,0,0,0,99.60509406,100,0.3949059374,0,0,0.00010189,Full access,0.00010189,0,Full access,,0,Full access,0,0
Slovakia,Europe & Central Asia,2020,5,5459.643066,53.75999832,99.78769858,100,0.2123014241,0,0,100,100,0,0,0,99.60509406,100,0.3949059374,0,0,,,,,,,,,,
Slovenia,Europe & Central Asia,2015,,2071.198975,53.78100586,99.5,100,0,0.5,0,null,null,null,null,null,null,null,null,null,null,0,Full access,0,Null,,,Null,,,
Slovenia,Europe & Central Asia,2020,5,2078.931885,55.11800385,99.5,100,0,0.5,0,null,null,null,null,null,null,null,null,null,null,,,,,,,,,,
Solomon Islands,East Asia & Pacific,2015,,603.1329956,22.3599987,69.32991889,69,5.705267634,18.98898125,5.975832221,63.01213819,63,6.338468203,23.28459564,7.364797966,91.26697205,91,3.506623017,4.073439607,1.152965328,-0.40577867,,-0.40577867,-0.72137414,,-0.72137414,0.028760968,,0.028760968,-0.750135108
Solomon Islands,East Asia & Pacific,2020,5,686.8779907,24.67000008,67.30102554,67,5.79547831,21.26784313,5.635653025,59.40526749,59,6.528523649,26.955911,7.110297857,91.41077689,91,3.557120425,3.899286137,1.132816553,,,,,,,,,,
Somalia,Sub-Saharan Africa,2015,,13797.2041,43.24500275,48.71115368,49,23.40618776,20.15410676,7.728551789,29.2281926,29,28.88714853,28.97578886,12.90887001,74.28070864,74,16.21294199,8.576478283,0.9298710922,1.553163942,,1.553163942,1.569534044,,1.569534044,0.96851942,,0.96851942,0.601014624
Somalia,Sub-Saharan Africa,2020,5,15893.21875,46.14099884,56.47697339,56,27.70419956,13.41704303,2.401784021,37.07586282,37,36.64324958,21.82149546,4.459392143,79.12330574,79,17.26991556,3.606778703,0,,,,,,,,,,
South Africa,Sub-Saharan Africa,2015,,55386.36719,64.82800293,91.87634387,92,2.803155965,2.078820804,3.241679359,79.03373853,79,6.61766745,5.131945818,9.216648202,98.84401345,99,0.7336182863,0.4223682597,0,0.401742714,,0.401742714,0.85914853,,0.85914853,0.031450278,,0.031450278,0.827698252
South Africa,Sub-Saharan Africa,2020,5,59308.69141,67.35400391,93.88505744,94,2.772736186,1.410816657,1.931389712,83.32948118,83,6.977359359,3.776999287,5.916160173,99.00126484,99,0.734785403,0.2639497547,0,,,,,,,,,,
South Sudan,Sub-Saharan Africa,2015,,10715.65723,18.85199928,41.24750946,41,30.69573713,13.55439295,14.50236045,36.72677973,37,32.66279967,14.31006538,16.30035522,60.70687736,61,22.22855395,10.30163914,6.762929552,-0.059316458,,-0.059316458,-0.626630184,,-0.626630184,1.862165418,,1.862165418,-2.488795602
South Sudan,Sub-Saharan Africa,2020,5,11193.72852,20.1989994,40.95092717,41,37.42696287,13.53755519,8.084554762,33.59362881,34,42.16438068,14.11109616,10.13089435,70.01770445,70,18.71066092,11.27163464,0,,,,,,,,,,
Spain,Europe & Central Asia,2015,,46671.91797,79.60199738,99.92672046,100,0,0.07327954441,0,100,100,0,0,0,99.90794521,100,0,0.09205479452,0,-0.00022157,Full access,-0.00022157,0,Full access,,0,Full access,0,0
Spain,Europe & Central Asia,2020,5,46754.78125,80.80999756,99.92561261,100,0,0.07438739142,0,100,100,0,0,0,99.90794521,100,0,0.09205479452,0,,,,,,,,,,
Sri Lanka,South Asia,2015,,20908.02344,18.25600052,90.11102857,90,0.9128012935,6.761522893,2.214647247,88.25710614,88,1.016290258,8.017356135,2.709247463,98.41224652,98,0.4494138094,1.138339672,0,0.42331016,,0.42331016,0.456065912,,0.456065912,0.231426734,,0.231426734,0.224639178
Sri Lanka,South Asia,2020,5,21413.25,18.71299934,92.22757937,92,0.5954581495,5.348927064,1.82803542,90.5374357,91,0.7032099038,6.510488612,2.248865782,99.56938019,100,0.1273977901,0.3032220202,0,,,,,,,,,,
Sudan,Middle East & North Africa,2015,,38902.94922,33.89400101,58.95025332,59,26.11181598,5.635847128,9.302083569,51.70743773,52,26.68778964,8.122567512,13.48220513,73.07645757,73,24.98845154,0.7858106217,1.14928027,0.299684456,,0.299684456,0.298317868,,0.298317868,0.137440398,,0.137440398,0.16087747
Sudan,Middle East & North Africa,2020,5,43849.26953,35.25299835,60.4486756,60,26.67001975,3.650217875,9.231086774,53.19902707,53,27.45764451,5.637660008,13.70566842,73.76365956,74,25.22343986,0,1.012900581,,,,,,,,,,
Suriname,Latin America & Caribbean,2015,,559.1359863,66.05599976,95.74769217,96,0.8828013983,1.013834976,2.35567146,90.57961632,91,1.285032142,1.200506574,6.934844965,98.4033997,98,0.6761083333,0.9179065142,0.002585454545,0.4483879,,0.4483879,1.198959262,,1.198959262,0.062090834,,0.062090834,1.136868428
Suriname,Latin America & Caribbean,2020,5,586.6339722,66.14900208,97.98963167,98,1.067246941,0.3793365073,0.563784884,96.57441263,97,1.60029586,0.1598017947,1.66548972,98.71385387,99,0.7944652371,0.4916808925,0,,,,,,,,,,
Sweden,Europe & Central Asia,2015,,9764.949219,86.5530014,99.78123103,100,0,0.2187689729,0,99.54998653,100,0,0.4500134657,0,99.81716039,100,0,0.1828396148,0,0.00912732,Full access,0.00912732,0.033877642,Full access,0.033877642,0.004879458,Full access,0.004879458,0.028998184
Sweden,Europe & Central Asia,2020,5,10099.26953,87.97699738,99.82686763,100,0,0.1731323735,0,99.71937474,100,0,0.2806252626,0,99.84155768,100,0,0.1584423157,0,,,,,,,,,,
Switzerland,Europe & Central Asia,2015,,8296.775391,73.71800232,100,100,0,0,0,100,100,0,0,0,100,100,0,0,0,0.0000005600000009,Full access,,0,Full access,,0,Full access,,0
Switzerland,Europe & Central Asia,2020,5,8654.618164,73.91500092,100.0000028,100,0,0,0,100,100,0,0,0,100,100,0,0,0,,,,,,,,,,
Syrian Arab Republic,Middle East & North Africa,2015,,17997.41016,52.16799927,93.50961148,94,5.968083628,0.5223048883,0,91.3857051,91,7.857323656,0.7569712439,0,95.45698719,95,4.235869737,0.3071430695,0,0.08324914,,0.08324914,0.13940798,,0.13940798,-0.010364566,,-0.010364566,0.149772546
Syrian Arab Republic,Middle East & North Africa,2020,5,17500.65625,55.47500229,93.92585718,94,5.873730768,0.2004120542,0,92.082745,92,7.917255,0,0,95.40516436,95,4.233570117,0.361265525,0,,,,,,,,,,
Tajikistan,Europe & Central Asia,2015,,8454.018555,26.74200058,76.23949551,76,3.050011091,3.944733748,16.76575965,69.55218206,70,3.681021887,4.857485512,21.90931054,94.55895539,95,1.321396987,1.444318955,2.675328663,1.122583902,,1.122583902,1.418283428,,1.418283428,0.204333694,,0.204333694,1.213949734
Tajikistan,Europe & Central Asia,2020,5,9537.641602,27.50599861,81.85241502,82,2.568363935,3.421857005,12.15736404,76.6435992,77,3.207143928,4.140706948,16.00854992,95.58062386,96,0.8848144763,1.527268323,2.007293339,,,,,,,,,,
Thailand,East Asia & Pacific,2015,,68714.51563,47.69400406,99.25917058,99,0.2176525852,0.1822513237,0.3409255143,98.87951671,99,0.2456716052,0.2230211905,0.65179049,99.67553684,100,0.1869241354,0.1375390245,0,0.148165884,,0.148165884,0.224096658,,0.224096658,0.064892632,Full access,,0.159204026
Thailand,East Asia & Pacific,2020,5,69799.97656,51.43000031,100,100,0,0,0,100,100,0,0,0,100,100,0,0,0,,,,,,,,,,
Timor-Leste,East Asia & Pacific,2015,,1196.293945,29.48999977,75.25010371,75,3.486316247,16.46074672,4.802833323,68.95938975,69,4.20850771,20.19524109,6.63686145,90.29108123,90,1.759571234,7.5316383,0.4177092401,2.049099498,,2.049099498,2.305681174,,2.305681174,1.237175338,,,1.068505836
Timor-Leste,East Asia & Pacific,2020,5,1318.442017,31.31999969,85.4956012,85,1.88586597,8.360029397,4.258503433,80.48779562,80,2.049364675,11.26233968,6.200500018,96.47695792,96,1.527338152,1.995703929,0,,,,,,,,,,
Togo,Sub-Saharan Africa,2015,,7323.162109,40.09999847,63.63712635,64,5.665767965,17.17891539,13.51819029,47.24218328,47,7.334652284,23.47003618,21.95312825,88.1273297,88,3.172845838,7.781455041,0.9183694177,0.989318748,,0.989318748,0.975073894,,0.975073894,0.492516062,,0.064892632,0.482557832
Togo,Sub-Saharan Africa,2020,5,8278.737305,42.79999924,68.58372009,69,6.065434765,14.16432245,11.18652269,52.11755275,52,8.187542019,20.7910842,18.90382103,90.58991001,91,3.229348056,5.307990528,0.8727514049,,,,,,,,,,
Tokelau,East Asia & Pacific,2015,,1.246999979,0,99.457396,99,0,0.542604,0,99.457396,99,0,0.542604,0,null,null,null,null,null,0.05005613,,0.05005613,0.05005613,,0.05005613,Null,,1.237175338,
Tokelau,East Asia & Pacific,2020,5,1.350000024,0,99.70767665,100,0,0.2923233459,0,99.70767665,100,0,0.2923233459,0,null,null,null,null,null,,,,,,,,,,
Tonga,East Asia & Pacific,2015,,100.7799988,23.27499962,98.54970535,99,0.8789821223,0.5713125286,0,98.39304823,98,1.102319124,0.5046326475,0,99.06611056,99,0.142761567,0.7911278728,0,0.036275096,,0.036275096,0.015006062,,0.015006062,0.108109526,,0.492516062,-0.093103464
Tonga,East Asia & Pacific,2020,5,105.6969986,23.09899902,98.73108083,99,0.8814972962,0.3874218777,0,98.46807854,98,1.103159706,0.4287617551,0,99.60665819,100,0.143540536,0.2498012758,0,,,,,,,,,,
Trinidad and Tobago,Latin America & Caribbean,2015,,1370.332031,53.31900024,98.13617765,98,1.116422256,0.5692819234,0.1781181726,null,null,null,null,null,null,null,null,null,null,0.147798624,,0.147798624,Null,,,Null,,,
Trinidad and Tobago,Latin America & Caribbean,2020,5,1399.490967,53.2140007,98.87517077,99,1.124829231,0,0,null,null,null,null,null,null,null,null,null,null,,,,,,,,,,
Tunisia,Sub-Saharan Africa,2015,,11179.95117,68.05599976,94.8454551,95,2.900100393,2.179103077,0.07534142511,85.59067297,86,7.6364837,6.53698864,0.2358546907,99.18944794,99,0.6769453984,0.1336066664,0,0.539570778,,0.539570778,1.669111792,,1.669111792,-0.013650062,,-0.013650062,1.682761854
Tunisia,Sub-Saharan Africa,2020,5,11818.61816,69.56800079,97.54330899,98,1.63135067,0.8253403378,0,93.93623193,94,3.351687357,2.71208071,0,99.12119763,99,0.8788023684,0,0,,,,,,,,,,
Turkey,Europe & Central Asia,2015,,78529.41406,73.61100006,96.25615912,96,2.026747602,1.518870713,0.1982225671,94.20388299,94,2.633656944,2.740460064,0.422,96.99188504,97,1.809175058,1.080939898,0.118,0.151622008,,0.151622008,0.364257356,,0.364257356,0.066586558,,0.066586558,0.297670798
Turkey,Europe & Central Asia,2020,5,84339.07031,76.10500336,97.01426916,97,2.023078075,0.7376749545,0.2249778093,96.02516977,96,2.684574639,0.7882555911,0.502,97.32481783,97,1.815385203,0.7217969634,0.138,,,,,,,,,,
Turkmenistan,Europe & Central Asia,2015,,5565.283203,50.31700134,97.65894431,98,0.9479150547,0.247750032,1.145390606,96.21978316,96,1.000954429,0.473864865,2.305397551,99.07997172,99,0.895543988,0.0244842949,0,0.468211138,,0.468211138,0.756043368,,0.756043368,0.184005656,,0.184005656,0.572037712
Turkmenistan,Europe & Central Asia,2020,5,6031.187012,52.51600266,100,100,0,0,0,100,100,0,0,0,100,100,0,0,0,,,,,,,,,,
Turks and Caicos Islands,Latin America & Caribbean,2015,,35.97900009,92.19499207,94.31818182,94,0,5.681818182,0,null,null,null,null,null,null,null,null,null,null,0,,0,Null,,,Null,,,
Turks and Caicos Islands,Latin America & Caribbean,2018,3,37.66699982,93.09799957,94.31818182,94,0,5.681818182,0,null,null,null,null,null,null,null,null,null,null,,,,,,,,,,
Tuvalu,East Asia & Pacific,2015,,11.09899998,59.72999954,100,100,0,0,0,100,100,0,0,0,100,100,0,0,0,0,Full access,,0,Full access,,0,Full access,,0
Tuvalu,East Asia & Pacific,2020,5,11.79199982,64.01399994,100,100,0,0,0,100,100,0,0,0,100,100,0,0,0,,,,,,,,,,
Uganda,Sub-Saharan Africa,2015,,38225.44531,22.05999947,47.84155836,48,30.09540377,15.10676845,6.95626942,39.71700313,40,34.1765633,17.51911722,8.587316348,76.54635609,77,15.67629339,6.58371928,1.193631242,1.60269817,,1.60269817,1.70283729,,1.70283729,0.447299142,,0.447299142,1.255538148
Uganda,Sub-Saharan Africa,2020,5,45741,24.95400047,55.85504921,56,27.28286,12.16590654,4.696184252,48.23118958,48,31.78469426,14.07616061,5.907955546,78.7828518,79,13.74416783,6.421044133,1.051936238,,,,,,,,,,
Ukraine,Europe & Central Asia,2015,,44921.63672,69.06100464,93.65690669,94,5.630873723,0.4364563488,0.2757632395,98.84311161,99,0,0.944405312,0.2124830817,91.33350853,91,8.153478277,0.2089007556,0.3041124414,0.054275052,,0.054275052,0.231377678,,0.231377678,-0.011247684,,-0.011247684,0.242625362
Ukraine,Europe & Central Asia,2020,5,43733.75781,69.60800171,93.92828195,94,5.671978717,0.07590450129,0.323834836,100,100,0,0,0,91.27727011,91,8.14845779,0.1090456533,0.4652264446,,,,,,,,,,
United Arab Emirates,Europe & Central Asia,2015,,9262.896484,85.6740036,99.97133247,100,0,0.02866753431,0,null,null,null,null,null,null,null,null,null,null,-0.001147294,Full access,-0.001147294,Null,,,Null,,,
United Arab Emirates,Europe & Central Asia,2020,5,9890.400391,87.04799652,99.965596,100,0,0.034404,0,null,null,null,null,null,null,null,null,null,null,,,,,,,,,,
United Kingdom,Europe & Central Asia,2015,,65860.14844,82.62599945,100.0000015,100,0,0,0,100,100,0,0,0,100,100,0,0,0,-0.0000005880000003,Full access,,0,Full access,,0,Full access,,0
United Kingdom,Europe & Central Asia,2020,5,67886.00781,83.90299988,99.99999856,100,0,0.00000143853282,0,100,100,0,0,0,100,100,0,0,0,,,,,,,,,,
United Republic of Tanzania,Sub-Saharan Africa,2015,,51482.63672,31.61700058,52.96379459,53,11.30893693,21.38524788,14.3420206,38.86342456,39,13.19289824,28.1932841,19.75039311,83.4608554,83,7.234201128,6.6604503,2.644493171,1.5506006,,1.5506006,1.316708156,,1.316708156,1.0666139,,1.0666139,0.250094256
United Republic of Tanzania,Sub-Saharan Africa,2020,5,59734.21484,35.22700119,60.71679759,61,11.29007067,14.51775136,13.47538038,45.44696534,45,13.98368881,21.21996133,19.34938452,88.7939249,89,6.337231166,2.194178786,2.674665152,,,,,,,,,,
United States of America,North America,2015,,320878.3125,81.67100525,99.44715776,99,0,0.5528422372,0,97.78011851,98,0,2.219881485,0,99.82127981,100,0,0.1787201944,0,0.087273784,,0.087273784,0.378133766,,0.378133766,0.021372932,Full access,0.021372932,0.356760834
United States of America,North America,2020,5,331002.6563,82.66400146,99.88352668,100,0,0.1164733182,0,99.67078734,100,0,0.3292126628,0,99.92814447,100,0,0.0718555296,0,,,,,,,,,,
United States Virgin Islands,Latin America & Caribbean,2015,,104.9499969,95.34999847,98.71827281,99,0,1.281727186,0,null,null,null,null,null,null,null,null,null,null,-0.000001086,,-0.000001086,Null,,,Null,,,
United States Virgin Islands,Latin America & Caribbean,2020,5,104.4229965,95.93900299,98.71826738,99,0,1.281732624,0,null,null,null,null,null,null,null,null,null,null,,,,,,,,,,
Uruguay,Latin America & Caribbean,2015,,3412.012939,95.04499817,99.13139756,99,0.5381047353,0.307497473,0.02300023019,91.49584384,91,4.511550681,3.528423211,0.464182271,99.52946198,100,0.3309562908,0.139581727,0,0.072872,,0.072872,0.760997232,,0.760997232,0.032654492,Full access,0.032654492,0.72834274
Uruguay,Latin America & Caribbean,2020,5,3473.727051,95.51499939,99.49575756,99,0.5042424412,0,0,95.30083,95,4.69917,0,0,99.69273444,100,0.3072655617,0,0,,,,,,,,,,
Uzbekistan,Europe & Central Asia,2015,,30929.55664,50.75,97.52857826,98,0,0,2.471421736,95.64239155,96,0,0,4.357608451,99.35901562,99,0,0,0.6409843843,0.060041318,,0.060041318,0.086038162,,0.086038162,0.039397988,,0.039397988,0.046640174
Uzbekistan,Europe & Central Asia,2020,5,33469.19922,50.41599655,97.82878485,98,0,0.22384422,1.947370925,96.07258236,96,0,0,3.927417637,99.55600556,100,0,0.4439944434,0,,,,,,,,,,
Vanuatu,East Asia & Pacific,2015,,271.1279907,24.96100235,89.98817649,90,1.05094321,1.545004807,7.415875488,86.97805066,87,1.234982464,1.904272063,9.882694813,99.03735599,99,0.4976751557,0.4649688531,0,0.248602852,,0.248602852,0.283830114,,0.283830114,0.092528802,,0.092528802,0.191301312
Vanuatu,East Asia & Pacific,2020,5,307.1499939,25.52500153,91.23119075,91,1.06238505,0,7.706424202,88.39720123,88,1.255132675,0,10.3476661,99.5,100,0.5,0,0,,,,,,,,,,
Venezuela (Bolivarian Republic of),Latin America & Caribbean,2015,,30081.82617,88.15399933,94.57127501,95,0.4752325377,3.575264261,1.378228192,null,null,null,null,null,null,null,null,null,null,-0.17709486,,-0.17709486,Null,,,Null,,,
Venezuela (Bolivarian Republic of),Latin America & Caribbean,2020,5,28435.94336,88.27899933,93.68580071,94,0.4707829181,5.843416373,null,null,null,null,null,null,null,null,null,null,null,,,,,,,,,,
Viet Nam,East Asia & Pacific,2015,,92677.07813,33.80900192,93.32806058,93,0.05207183785,6.163618036,0.4562495463,90.83306799,91,0,8.477639565,0.6892924429,98.21274352,98,0.1540176812,1.633238796,0,0.711259258,,0.711259258,0.93629409,,0.93629409,0.194059298,,0.194059298,0.742234792
Viet Nam,East Asia & Pacific,2020,5,97338.58594,37.34000015,96.88435687,97,0,3.115643126,0,95.51453844,96,0,4.48546156,0,99.18304001,99,0,0.816959987,0,,,,,,,,,,
Wallis and Futuna Islands,East Asia & Pacific,2015,,12.26200008,0,99.32138153,99,0,0.6786184741,0,99.32138153,99,0,0.6786184741,0,null,null,null,null,null,-0.035618834,,-0.035618834,-0.035618834,,-0.035618834,Null,,,
Wallis and Futuna Islands,East Asia & Pacific,2020,5,11.24600029,0,99.14328736,99,0,0.856712639,0,99.14328736,99,0,0.856712639,0,null,null,null,null,null,,,,,,,,,,
West Bank and Gaza Strip,Europe & Central Asia,2015,,4529.160156,75.36799622,96.37985671,96,0.5875346644,3.032608622,null,95.38114235,95,0.9927312092,3.626126441,null,96.70625962,97,0.4551070803,2.838633298,null,0.300108102,,0.300108102,0.666882814,,0.666882814,0.184140962,,0.184140962,0.482741852
West Bank and Gaza Strip,Europe & Central Asia,2020,5,5101.416016,76.71899414,97.88039722,98,1.029979486,1.089623295,null,98.71555642,99,0.3174006273,0.9670429576,null,97.62696443,98,1.246217358,1.126818208,null,,,,,,,,,,
Yemen,Europe & Central Asia,2015,,26497.88086,34.77700043,55.77886863,56,26.0356066,14.70974567,3.475779098,44.95826816,45,28.79461102,21.10381293,5.143307896,76.0725119,76,20.86119401,2.717904704,0.3483893924,0.976940242,,0.976940242,1.144613242,,1.144613242,0.188323488,,0.188323488,0.956289754
Yemen,Europe & Central Asia,2020,5,29825.96875,37.90799713,60.66356984,61,28.9627418,7.77785276,2.595835594,50.68133437,51,33.53021373,11.60782393,4.180627978,77.01412934,77,21.48137937,1.504491286,0,,,,,,,,,,
Zambia,Sub-Saharan Africa,2015,,15879.37012,41.9070015,61.33874628,61,5.65391723,23.3359001,9.671436392,43.61683432,44,7.210864868,33.25721949,15.91508132,85.90549729,86,3.495619671,9.582613847,1.016269193,0.814727458,,0.814727458,0.922090802,,0.922090802,0.165671474,,0.165671474,0.756419328
Zambia,Sub-Saharan Africa,2020,5,18383.95508,44.6289978,65.41238357,65,6.15393902,21.57684071,6.856836706,48.22728833,48,8.331703613,31.60865444,11.83235362,86.73385466,87,3.451996194,9.130414105,0.6837350463,,,,,,,,,,
Zimbabwe,Sub-Saharan Africa,2015,,13814.6416,32.38499832,64.95492911,65,12.45676477,15.89884206,6.689464055,51.25006071,51,16.39672658,22.51446862,9.838744088,93.56863574,94,4.23071973,2.086401773,0.1142427564,-0.4576943,,-0.4576943,-0.593526372,,-0.593526372,-0.134701358,,-0.134701358,-0.458825014
Zimbabwe,Sub-Saharan Africa,2020,5,14862.92676,32.24200058,62.66645761,63,14.1975397,16.27785545,6.858147242,48.28242885,48,18.59098467,23.01364655,10.11293992,92.89512895,93,4.964517757,2.122298674,0.01805461538,,,,,,,,,,